-- phpMyAdmin SQL Dump
-- version 5.2.1
-- https://www.phpmyadmin.net/
--
-- Host: 127.0.0.1
-- Generation Time: Dec 21, 2024 at 03:30 AM
-- Server version: 10.4.32-MariaDB
-- PHP Version: 8.2.12

SET SQL_MODE = "NO_AUTO_VALUE_ON_ZERO";
START TRANSACTION;
SET time_zone = "+00:00";


/*!40101 SET @OLD_CHARACTER_SET_CLIENT=@@CHARACTER_SET_CLIENT */;
/*!40101 SET @OLD_CHARACTER_SET_RESULTS=@@CHARACTER_SET_RESULTS */;
/*!40101 SET @OLD_COLLATION_CONNECTION=@@COLLATION_CONNECTION */;
/*!40101 SET NAMES utf8mb4 */;

--
-- Database: `ponpon`
--

-- --------------------------------------------------------

--
-- Table structure for table `cache`
--

CREATE TABLE `cache` (
  `key` varchar(255) NOT NULL,
  `value` mediumtext NOT NULL,
  `expiration` int(11) NOT NULL
) ENGINE=InnoDB DEFAULT CHARSET=utf8mb4 COLLATE=utf8mb4_unicode_ci;

-- --------------------------------------------------------

--
-- Table structure for table `cache_locks`
--

CREATE TABLE `cache_locks` (
  `key` varchar(255) NOT NULL,
  `owner` varchar(255) NOT NULL,
  `expiration` int(11) NOT NULL
) ENGINE=InnoDB DEFAULT CHARSET=utf8mb4 COLLATE=utf8mb4_unicode_ci;

-- --------------------------------------------------------

--
-- Table structure for table `failed_jobs`
--

CREATE TABLE `failed_jobs` (
  `id` bigint(20) UNSIGNED NOT NULL,
  `uuid` varchar(255) NOT NULL,
  `connection` text NOT NULL,
  `queue` text NOT NULL,
  `payload` longtext NOT NULL,
  `exception` longtext NOT NULL,
  `failed_at` timestamp NOT NULL DEFAULT current_timestamp()
) ENGINE=InnoDB DEFAULT CHARSET=utf8mb4 COLLATE=utf8mb4_unicode_ci;

-- --------------------------------------------------------

--
-- Table structure for table `jobs`
--

CREATE TABLE `jobs` (
  `id` bigint(20) UNSIGNED NOT NULL,
  `queue` varchar(255) NOT NULL,
  `payload` longtext NOT NULL,
  `attempts` tinyint(3) UNSIGNED NOT NULL,
  `reserved_at` int(10) UNSIGNED DEFAULT NULL,
  `available_at` int(10) UNSIGNED NOT NULL,
  `created_at` int(10) UNSIGNED NOT NULL
) ENGINE=InnoDB DEFAULT CHARSET=utf8mb4 COLLATE=utf8mb4_unicode_ci;

-- --------------------------------------------------------

--
-- Table structure for table `job_batches`
--

CREATE TABLE `job_batches` (
  `id` varchar(255) NOT NULL,
  `name` varchar(255) NOT NULL,
  `total_jobs` int(11) NOT NULL,
  `pending_jobs` int(11) NOT NULL,
  `failed_jobs` int(11) NOT NULL,
  `failed_job_ids` longtext NOT NULL,
  `options` mediumtext DEFAULT NULL,
  `cancelled_at` int(11) DEFAULT NULL,
  `created_at` int(11) NOT NULL,
  `finished_at` int(11) DEFAULT NULL
) ENGINE=InnoDB DEFAULT CHARSET=utf8mb4 COLLATE=utf8mb4_unicode_ci;

-- --------------------------------------------------------

--
-- Table structure for table `migrations`
--

CREATE TABLE `migrations` (
  `id` int(10) UNSIGNED NOT NULL,
  `migration` varchar(255) NOT NULL,
  `batch` int(11) NOT NULL
) ENGINE=InnoDB DEFAULT CHARSET=utf8mb4 COLLATE=utf8mb4_unicode_ci;

--
-- Dumping data for table `migrations`
--

INSERT INTO `migrations` (`id`, `migration`, `batch`) VALUES
(1, '0001_01_01_000000_create_users_table', 1),
(2, '0001_01_01_000001_create_cache_table', 1),
(3, '0001_01_01_000002_create_jobs_table', 1),
(4, '2024_12_02_025943_create_passwords_table', 1);

-- --------------------------------------------------------

--
-- Table structure for table `passwords`
--

CREATE TABLE `passwords` (
  `id` bigint(20) UNSIGNED NOT NULL,
  `user_id` bigint(20) UNSIGNED NOT NULL,
  `loginname` text NOT NULL,
  `email` text NOT NULL,
  `password` text NOT NULL,
  `note` text DEFAULT NULL,
  `created_at` timestamp NULL DEFAULT NULL,
  `updated_at` timestamp NULL DEFAULT NULL
) ENGINE=InnoDB DEFAULT CHARSET=utf8mb4 COLLATE=utf8mb4_unicode_ci;

--
-- Dumping data for table `passwords`
--

INSERT INTO `passwords` (`id`, `user_id`, `loginname`, `email`, `password`, `note`, `created_at`, `updated_at`) VALUES
(1, 1, 'yundt.com', 'eyJpdiI6Ik1Lb0FDSGN1NnVRMUNtTCtVVUsxakE9PSIsInZhbHVlIjoiMWdTT1FHOUlaQWtQV1JmYjRucWhaVkw1NC8zUWRJMGN5Zlo5MFppZGVTMD0iLCJtYWMiOiI1YjQyYTI0ZGU4YTA4NWM1Zjc5ZjNiYzU3OWRiOTU1MTYxY2Q4YTc2YjQ1Zjg2YWJlZjgxZTg2YTIzZjIzYmZmIiwidGFnIjoiIn0=', 'eyJpdiI6InE3Tk1TVkQ4NFZ2WlowUHdWZU5oNlE9PSIsInZhbHVlIjoiV0oxNUhyUzV5Y0NvVFFMQjJZRExvRjFzd1BPL0Jla0VJdEZEVTFWQkc2RT0iLCJtYWMiOiIxMWZhN2Y2NGQ2ZTJjM2Q5ZTg2NzViYzY1ODVhODVhNzQwYWMwN2M0OThhNTM1MzI0MTNiNzEzNjBmN2Q5ZGNmIiwidGFnIjoiIn0=', 'eyJpdiI6IkRWblRzTEpJd1F2UEhha1NZVGRCOEE9PSIsInZhbHVlIjoiREVSd1I0RzlYa05vWkoxT2lQL3RXdz09IiwibWFjIjoiMDgzZGYyNzMzMDU0NTYyY2IxMjRiN2I4NTM0ZDM3NmU5MDAxZmJjOThmYWY0ZmU1ZjRiMjllMTZlZTY1ZjM4MyIsInRhZyI6IiJ9', '2024-12-14 07:59:06', '2024-12-15 01:47:22'),
(2, 1, 'morissette.com', 'eyJpdiI6Ii85eUR5cXlWbldSNXlxV1VJUlovUEE9PSIsInZhbHVlIjoiY0dROWVBU1FjLzY3ci9xUU8vMWdnbHRhZUo5Z2FLMnhUS3dqY1ZTZzhldz0iLCJtYWMiOiJjZGQzNjI1YTBlOGQ2MTY0MzRhNDY2OGJmYTdkMThkNzNmZDljZDM1MGM0ODk2YmY2MGJhM2E0YzA3ZGM3ZTUyIiwidGFnIjoiIn0=', 'eyJpdiI6Ikw4QnpiZ1F4Q3g5TWplQjZrbjhaVkE9PSIsInZhbHVlIjoiNU1qV1gxUC9ySzdROXJZV2Uxci9EUT09IiwibWFjIjoiNjU3YTBkMmFjYjE1YTQ0OWNmNjgwMTQwOGYwMDM5ZjM0ZTY0MTMwOThhNGMzZWIyNmU0YjQ4Zjk1NTg3MGQ5OSIsInRhZyI6IiJ9', 'eyJpdiI6IkdHT3RXRVhYQXBpSm9GQ0hTcW02bXc9PSIsInZhbHVlIjoiSGJ4TEhINVJTZStZY0IxRmlIRERTaWtmY0syOFBZNVBsZ1B2L0lmdGRBTHQySWJNNXJqMm5wTE1DYjJxOEdMdCIsIm1hYyI6IjIzNjZlMWUxMDkyYzAyZjkyMjJjNDUxNWZjNzc4YTU4MTQxZTYxZGNjZWY5YzhkODdjYTIzNjc1YWVlZmNjY2EiLCJ0YWciOiIifQ==', '2024-12-14 07:59:06', '2024-12-14 07:59:06'),
(3, 1, 'damore.com', 'eyJpdiI6IlFoSHJsekQwamphY3NMYndDQXljd3c9PSIsInZhbHVlIjoiKzVaQmRpMlp2YXJlQ3hxOGhjYUFxQmVVdXl1YTlsbGx4TXdoMUc3QWZDST0iLCJtYWMiOiI3OGRhNDQ0ZjhmZDMyZWFmMjQyNGYzNTIzMjQ0ZmYwYzk4MGYzMjEzNmYzOGY5NjJjMDVjMDE5M2M3ZWM0MzdmIiwidGFnIjoiIn0=', 'eyJpdiI6IjlhY25VS1Y2Z29iNDJocWtZZUdER2c9PSIsInZhbHVlIjoiMy80dlZDYXF5aTB5bXZBUW5PVWZvZz09IiwibWFjIjoiMzc5Y2RlZmFmMWUzN2VlYjc2NmM0NjcyNDhjZmU1ODg1MDYwZGJiNmM3ZjRjNDU3ZmZkMjcyZDNiODdkZWM1YSIsInRhZyI6IiJ9', 'eyJpdiI6IktzUXN0TUM0TEs0Nm9MNm1qRm91M3c9PSIsInZhbHVlIjoieGNwd3FKQWVGclV6ajZYbUtEdCs5NXJNZmszUUNHL1hHQ2l0bjg5SXdpdnVUdlROYTlrQXA1Ujd5blIzOGx4ekx3SDhOc3Jpd01ObzlkSnlRaERuL0E9PSIsIm1hYyI6IjFlZjkyYWZlNDMzMTUyZDY0M2E3ZWQwNDk4OWM5NzJhMzExMzkzZWFiMzk3YTU2NmIxMDY5N2ZlN2U2ZDJiNjYiLCJ0YWciOiIifQ==', '2024-12-14 07:59:06', '2024-12-14 07:59:06'),
(4, 1, 'bauch.org', 'eyJpdiI6IjA5K3N3VEp5UlJrSG14SmFIRmxrYlE9PSIsInZhbHVlIjoiM2dkaHVwVkdJQkc3U01mdFU1RWg2S3ZYWE8wZk53dzIrZWsrUzR4ZUh1az0iLCJtYWMiOiJjMzk0YjY5ZDhhMGI4MTMyNWRkMTI3MDdmZTExNTA1ODc1ZmRhMzcxNTFlOTNkOWZmNzllNjE1Y2MyZmI1MmFjIiwidGFnIjoiIn0=', 'eyJpdiI6Ik9SdkhQNE9YbHhoNmNMWmFkR2NLMWc9PSIsInZhbHVlIjoieTlCajJieHUwMHFPR01GeXdjays1Zz09IiwibWFjIjoiZDUyZjdiODhmYTVlMGIxYjBmODg2NmY3NGYzZDRlM2QzYTkwYjlhM2FlOGI0ODFhZjJhODA5ZjMzZThjNjk4ZiIsInRhZyI6IiJ9', 'eyJpdiI6InhCV3NrNStDVkZqNlRKdDBHcGI1aGc9PSIsInZhbHVlIjoiVUNqbDZ1OE91cTc5M2d6TG9UNXFSa1pIWlFmdktwTFovN2dxODZ2TkV6aXd5ZWdSejFacnZRcnU0bjJBeXVXTiIsIm1hYyI6IjU4ZTc0MjBjZGMyMDk1NDQzOTU0NDljZTdmYzhhNTNlNTk5YWZhMjRiNzQ1NDFhYjAzOTlhMjViYzExZWQwMWIiLCJ0YWciOiIifQ==', '2024-12-14 07:59:06', '2024-12-14 07:59:06'),
(5, 1, 'emmerich.com', 'eyJpdiI6IlZZK2dVV3A4R2xLbTlja0pDNEhaamc9PSIsInZhbHVlIjoiYk1LQnRlVnI4bWI1ZS9lY3dZWWdCbkJxQXNTUnNEdFROMkN6bnIxRlozWT0iLCJtYWMiOiJjZjQ3MThlMzE1M2I3MDBhOWJjYzhhMjViMTNiODMwMjc5ZjVkYmRjZGFkNjFmMGZlODBiMTVkZDE5NmQ1Yjg2IiwidGFnIjoiIn0=', 'eyJpdiI6IjBKTEU3ZmpNR3NjYVJBMHF5b3ByUFE9PSIsInZhbHVlIjoiSUVYZ2Z4bkpENGNCd3pKUEh6YkhXdz09IiwibWFjIjoiOTJhYTIyNzcyN2NmMDk1OGUwNDcyM2YyNTNhZDA5NmY5OWUwZWU1ZWIyZDFlMzUxYTcxMzdjMjUyOTQ0OTIzNCIsInRhZyI6IiJ9', 'eyJpdiI6IjNCRTRabWdoZEE2b3JvaHU0REJKNWc9PSIsInZhbHVlIjoiN043MThWbWc5VXVuZ2Z5RDYweGJJYjhhRUxVNVFkM3hIckJRR0NTdTZTR0hjeGYra0MxQ2VlWDJ1aDFUQzkxViIsIm1hYyI6IjhlMTE3YWZlNTM2OTkwYmVlYWZiYWQ0ZTFjNjk4ZDc3OTFjZGUxYzZmYWQwYzJkMTI2OThhYWQyNzA1OTUwMDMiLCJ0YWciOiIifQ==', '2024-12-14 07:59:06', '2024-12-14 07:59:06'),
(6, 1, 'mitchell.net', 'eyJpdiI6IjB0ajFRazMydmZodWttVjZsdndjbHc9PSIsInZhbHVlIjoiUnVHNFQxdkU3Y1pqaysyNTZlQmFLclQybS9TOVdXWWRHVXVWM2VGbXVIMD0iLCJtYWMiOiI4NGRkNTE0NzdjNzNlMjUwZDkzOGExOGE2OWRhNjlhNTkxMTA5ZWYyZjUyNjYwYzZkMmQ4ZmE1MzM1MmQzNWU4IiwidGFnIjoiIn0=', 'eyJpdiI6ImdQK0lGdFVmRGdpLzJZR1diWkMzbFE9PSIsInZhbHVlIjoiSWRFc0RVSDBqU0R2c0psS3FpczBjUUErNTRRU2JSYnJ0TEM0N0JaUE1Hbz0iLCJtYWMiOiI2YmNlYjhmYmE0ZGQ3M2JjZTVhNGVmMzNhZmYyMTU1MGM0OWZlMTRhZWU4NDI1ZGZjMDRhYmYwMWYwNTNiYTdmIiwidGFnIjoiIn0=', 'eyJpdiI6InV1ako0amNNbnNrQUVRbjI1SWcvSFE9PSIsInZhbHVlIjoiT3EyZFp3V3FpWGdyYjFpanlXeXZLTGtZMmtEc29zR01ZTWtIT1FXd2hEUFdXQXJaMFVYQmN6aEtjdE9xaFgzSCIsIm1hYyI6ImYxNThlNjMzZmY2NzM4MGIxNTJiZjY4NTc5NjZmNjM0YzBkZjk5M2Q1NjBkNmMyYzNmOTM3MjY3ZjNjZTJjMTMiLCJ0YWciOiIifQ==', '2024-12-14 07:59:07', '2024-12-14 07:59:07'),
(7, 1, 'baumbach.org', 'eyJpdiI6InRCNHFVeUt1dDNPUmtSNzZacTJrOVE9PSIsInZhbHVlIjoiZkFlVzVmN2VGTlF4MVVJQWVjekMwUWFlYlRjZHVkbVhvcmhwZWY4cVZ3RT0iLCJtYWMiOiI4NDg0YTc5NDBjYTE5YmRjZWE0ODRkYjc4NmJiZTg0MTU0MDc0MmI2YzI5ZTQ0NzkxYTA5OGQxNDliNGMwY2ZiIiwidGFnIjoiIn0=', 'eyJpdiI6ImltOXBMM2Q3R0F4Z2dBQkVDdmd2cEE9PSIsInZhbHVlIjoibUdhcll5MXlYRTh6TVhNbllpNkFqODVJN1ZuNVJhbEVUdVQ0dStKU0dvVT0iLCJtYWMiOiIxNjVhMzQwMDgwZjE1ZmFiYjc4MDVjMjBlMjMyZGFmNGI2MTEzMmJhYmJiOGQxNGY5YzM5ZmFkNDcwYTQ3NDJjIiwidGFnIjoiIn0=', 'eyJpdiI6InNmMVZYYzdBQ2FXYTlPdDJkcWQxVEE9PSIsInZhbHVlIjoiNlNtL1B6aXBFM3ZVWFE5VHg5UXM5MXR2NTFRMmFIMlAyODEzM1ZHQktNWE5zaFlhVmRlcFE1Y0taUkNxYmlwZSIsIm1hYyI6IjcxNGUwNTEwZDE1ZDkwYTUwMGZlZGJkY2M1OGFmYjc0YTM0ZjNlYTk0ZjljMTY3MTU4NGU2MmE4ODZiNDkxZTMiLCJ0YWciOiIifQ==', '2024-12-14 07:59:07', '2024-12-14 07:59:07'),
(8, 1, 'kassulke.info', 'eyJpdiI6Ik9Pc0ZhUDk2SFhIYmJUMTYyYjM3cVE9PSIsInZhbHVlIjoiM2ZuUFdjVjY5VE1JdEVZZm1KdDlHYjJickpHendhZ2YvaGQ0M1Z1aE5OUT0iLCJtYWMiOiI4NDUxZDI2MmRiZTRlYmQ3YjJjMDBiMjgxNDI3OTE0ZjY3MWM0MmU5ZDJkMDk3NjcxOGNhOTA1Mzg5ODAzM2IyIiwidGFnIjoiIn0=', 'eyJpdiI6IjRrRm9LbFIzU3gzWGFBOFBEUTVKMVE9PSIsInZhbHVlIjoiYStkb2Nqc1lSaC9JQk8xYm1JSjFndGZoQkNtcXhTOHh4WTNQdkN5dnhIVT0iLCJtYWMiOiJjOTZhZTcyOTAxMjM0MzUzYTcyNDhkMzAzZmIwYmM0ZjEwMjI3NGJjODQzOTNkZGZkMWJmZGQ1YzUyNmFhMjk0IiwidGFnIjoiIn0=', 'eyJpdiI6IlVwVmhPVDdTS2ExVE1OWXM5TTNPdlE9PSIsInZhbHVlIjoibUdObzk1QzVSYzVaNXN1Vm1jOG9LQVQ0QzBkVG5lMG1nUndLV1JTT2s0QzZBSXQ5ejUyVy9rSVV1UWZ5NkMrVEoySWpvN2QyV3BXK2ZkMmFEM00vZmc9PSIsIm1hYyI6IjllZGQ3MDcxYjhkZjY1M2M2NjFkZjY1NjhiMTFmNDA1YmQ1Yjg5MGI3YzMyMzViMGU2NzMyMzUxZGNmYWZmMmQiLCJ0YWciOiIifQ==', '2024-12-14 07:59:07', '2024-12-14 07:59:07'),
(9, 1, 'schneider.com', 'eyJpdiI6IndpWUNScUFib2JrQWFaYldzTGRWMGc9PSIsInZhbHVlIjoiOFdhRGxWOExEdW8rMVp2SXJpb1dwZWxTczkvMDFvQ1oySDY4eDJUTURMcz0iLCJtYWMiOiJmNWE3ODRmNDQ2MWM4YWJkZTdmZjg3YzNiYjQyMTA3MDdmNDM3MjNkOTcxZTM5ZjljOWY3MmZiYzNhYTg0ODRjIiwidGFnIjoiIn0=', 'eyJpdiI6ImxXZDBGbSt5dGxaalBkQ1loOHVWc2c9PSIsInZhbHVlIjoiTmpTajNTc1dKRjA0am5MeWVGVlVXdGpnRll2R0RPT0prMmJpUnVFSVlwbz0iLCJtYWMiOiI3YmU4MzlmMjQ3YzYxMjUyZDA5NmVkMmRjODAxMGQ5MjA1MGVkMzE0MjgyOGFhOWE1NmJiZmQzY2M3YjBhOTU3IiwidGFnIjoiIn0=', 'eyJpdiI6ImxtYnNQQi81WUhUQzdrZHIrWTUvekE9PSIsInZhbHVlIjoiTzZ6WW9SdWx3MC94UWswdGVCRlJYRHZyT2VSc3lndHVVckhiRUdBdVlCd3duVUM3QnoraWt3NU43RkZrTnlvaiIsIm1hYyI6ImNiZmVjMjVmZDQzNjFkYzRjNGE4MTEyZTE4MzUwODcwNTA1ZTM0NmZjODZlZGMzODc2OTMxOTNmMjFiODRhNmUiLCJ0YWciOiIifQ==', '2024-12-14 07:59:07', '2024-12-14 07:59:07'),
(10, 1, 'christiansen.com', 'eyJpdiI6Img2WDJIQVhWbnZCUmpqNzB2MzNXSWc9PSIsInZhbHVlIjoiRHN3NDVZaVBiNldvMUJHWGhSNXRUZ0k2WXQ4ZlBOc2Y0WTZSc3JKV0V4TT0iLCJtYWMiOiIxNzU5NmYwZGEwZWQ3MzhkMmRmYTYxMTFhYjZlOWMxNDE4YzVmNTIxOTlkNzdlYWU4NDBmMjBlNmMwZGRkMmFjIiwidGFnIjoiIn0=', 'eyJpdiI6IkYyOHlWSEs2S3lCaDljZGpkclFaaVE9PSIsInZhbHVlIjoiYVF5MFlpR3hnSDgyMlErUEFZTmF0dUJrK1AvKzZDWE5FWmZGNjZxQ2p3dz0iLCJtYWMiOiI5MzYzMzc4M2ExODg5N2Y0YzhkZWUxMmVkYTE0YzdhNGJiZDNlOTdjZGI1ZjBjZDQwNTE3NTA3Mzc0ZGM2ZmE3IiwidGFnIjoiIn0=', 'eyJpdiI6IkVMODZZVVFlc1RCeTdIU1QvRE9Jenc9PSIsInZhbHVlIjoiaGJjbDBiaEF3bjdJTkViTlFaYTNoMldYaFhod2tuQWdBeENHUmdXRm9acz0iLCJtYWMiOiIyN2UyZTJiNTE3MGE2NDU0MzY1ZTViOWUxZTA1YTQzNGI2ZWZiNzdlOGI1ZDNjN2FmYTkzNmEwMDU0YzM3OGRjIiwidGFnIjoiIn0=', '2024-12-14 07:59:07', '2024-12-14 07:59:07'),
(11, 1, 'mcdermott.com', 'eyJpdiI6ImMzV2VFT3pVczNWNTRCZkdpUFJ2eXc9PSIsInZhbHVlIjoiNTZkNGFSMS9DUUxOVHc0cElLV2gzRGx4WnJEVGU5QS9ySThJYllkaHo0WT0iLCJtYWMiOiI0NmZlYmJiNDEzOTQ4Y2MzNjA0MTAyMWQ2ZjNlZmUzZTVhYjBjMzM4N2VhYjZjNTY0N2UzMDkxNzJjNDE4Yzg4IiwidGFnIjoiIn0=', 'eyJpdiI6ImtiR3lVbzZXZFNyMUVjWFBGalFJOGc9PSIsInZhbHVlIjoiTk1JVDhmc1RtL2RqZGR4SS90dGdqSGs1Z2NNd3ByVFJOTnhWSWtTRW5JMD0iLCJtYWMiOiIwYjI0OWI3Y2E3ZTY5YTVlYTAzY2IxNDkzODBlNTc3ZjRkMDljZjI2NzY2M2JiNGRiNzM2ZGE4NzA4NzhkNmZhIiwidGFnIjoiIn0=', 'eyJpdiI6Ik11dG8zWjdpUnloZXdMaFJnSk84RVE9PSIsInZhbHVlIjoiem4yekkwWXZHTS9ydm5yVC80azZVcVpUU1NWRE03cWJHeFNGQm03RFR0V3RLN3JYdll0MkNGQW5hekhmU0FCQyIsIm1hYyI6ImRmY2U0MDNkYTI2NGVlMjA2N2VjNmE0YjJjZDExMjg0ZDJmZGMyYTNmOTUxMWZhOGI3OGY5OWIyNmJjZDAwODIiLCJ0YWciOiIifQ==', '2024-12-15 01:47:41', '2024-12-15 01:47:41'),
(12, 1, 'jacobi.org', 'eyJpdiI6IkFCMzV5Q3NoR0Nha0xuT0pVRk5wU0E9PSIsInZhbHVlIjoiUSszOEFrVkpFQm9EWDZWQmJHNERCcmRiMGg0Z0lhUDd4ZzVReHRZNy9kcz0iLCJtYWMiOiI2YWZlNjUwN2RhZmEzODQ4MTM4Y2Y3ODNhNzY2NDEzOThkZDQzM2UwMjNjYzE1YmQ2MzFhZTRiN2EwYjY2OGNkIiwidGFnIjoiIn0=', 'eyJpdiI6IngrLzlSUitvcFJQTmVZbGhUUXFHeVE9PSIsInZhbHVlIjoicyt4RHcwWHpsRnhXUkxjeXZyTmdadz09IiwibWFjIjoiNTQ3MjFiYzRkY2MwNjViMDMzZTM4MGM2ODg3MzBmNTY5YjBhOGYyOGMxZTE1MWUxZTFhMTY0NGQ4MDllNWRhOSIsInRhZyI6IiJ9', 'eyJpdiI6ImFWQ1J2WUVxeFZjc2g2VnAwa1BQZlE9PSIsInZhbHVlIjoiSVdYVjBBZFJyZ2RpdjU0a2p2cnNTdFJxWWlyaE9xY1MrZEF1ZkhvT3dnM1EwYW51Q2dHQXM2V3RCOXZzdHlnTyIsIm1hYyI6ImFlMzVhOWFmMTY1NTdiNDBkZDBlNzI3NTFhMzRlOGM0OTUyNTMzNjIxMmMxOWMyZGRjNjMzYWRhOGMwNmNlYzQiLCJ0YWciOiIifQ==', '2024-12-15 01:47:41', '2024-12-15 01:47:41'),
(13, 1, 'cummings.com', 'eyJpdiI6InFlbG1ndVNjOE9BYkZBTXE5bHpGRFE9PSIsInZhbHVlIjoidTRGZ2dtYzkrVXhFU3pKeFRtOFUvN09BWlhwLy9EcUU3TnlSTmhaOXUrRT0iLCJtYWMiOiJkNThkZDJiMWNiNTQzZmRkYTg2ODNmZjE0NjM3OTBmNGM1MzZlYjg1Y2VlM2U0ZTk5MDI3N2M2ZmFjMTRmZDdmIiwidGFnIjoiIn0=', 'eyJpdiI6InVjRFBXNXVPMDNQVlp5NGY2b3pLN2c9PSIsInZhbHVlIjoiSERmdW84RFljU1lBNEdxWHkxckVUQkFYWXh0SzJFZVVBejBHNlRWT210bz0iLCJtYWMiOiJkY2FhZDFiYzFiZDYzOGQxZmM3YWY3OTBhNGM2Y2EzZTdhMDQxZGMyMTBlYjNmYzNmM2UyYzQ4YWJhYTRmNDQ1IiwidGFnIjoiIn0=', 'eyJpdiI6IkRiZnBReXVNSGR0Z3hhMDFOVURvVXc9PSIsInZhbHVlIjoiY3R2N1BGUm8xeTlzaVVxdHMwd0JDSXY2VzFFdzlpaXpnSGtEZm9wOXgvRjZTajlINGl3NzVDVXZlanIvbzAxUyIsIm1hYyI6IjU2YjMxMzcxZGY1OTQ0YTNjYjZhNzljNWVkNjk2NWM1Mzg5ODZmNDViNGIyYThlNmIyYzNhNDdlMmZiOGU4NGUiLCJ0YWciOiIifQ==', '2024-12-15 01:47:41', '2024-12-15 01:47:41'),
(14, 1, 'satterfield.com', 'eyJpdiI6Ims4cjhVQ2tscmw4UHpib1lyT2tEUXc9PSIsInZhbHVlIjoiemdDSzQ4WmVzVWRrNmp0VjFyUkc0MmwwUGE2bzM2SUFSTy9vS1lsUGx0RT0iLCJtYWMiOiJkYWUzMjhhZjJhNThkMTk3ZDA1Y2RiYjFmMTU0OGQxY2VlNDY0MTViM2U3MTMyZTliMjNiOTIwOWQyNGE1MDZkIiwidGFnIjoiIn0=', 'eyJpdiI6IklIOTNKcnJ4aHAwU29NbkE3VFptaVE9PSIsInZhbHVlIjoiaFZ1V3ZqNmUyZzJnOUxnNzRLcFp5S3NWby9mQm1JNHV4bGtRTjJaUVhPVT0iLCJtYWMiOiIxMThkN2ZhMDliZGE3YjM0Yjk4MDA5ZDlkOTdiNzQ1OTA0ZDNkNjhhNmFlYjIwMDJiZGI1NWU5ZTlhNzQ4NTVjIiwidGFnIjoiIn0=', 'eyJpdiI6Ijk5Mk9NbDd3dytSU0xrekpISmRNT2c9PSIsInZhbHVlIjoiaVFESnUxMlRRMWVHcFNnYUVPRVkwdEEyV2c4Ym9NZE5hMGlJYmRTbExtZz0iLCJtYWMiOiI5ZDE4NDI0ZjM1ZTRkMTc0MGYyNTVhNzc1NWVhYzc0ZmIzMmM5NWE5OTljMDY1ZmI0ZTVjYmJlMDBhMTQwZDU0IiwidGFnIjoiIn0=', '2024-12-15 01:47:41', '2024-12-15 01:47:41'),
(15, 1, 'lang.biz', 'eyJpdiI6IkZYbTRQekVsdjRBTDcvbkRzaXZsN1E9PSIsInZhbHVlIjoicFZlR21STkVYVFFGbG5IaS84bzY0V3NqZGNKSmVSWWg2ci93YVd3eWk3bz0iLCJtYWMiOiI4MWQxN2I0M2U2ZGQxOTA4YWJmMjM3OWI3N2NhMzdlY2VmN2ZlY2NhNTE4OWFhN2NiNzY0MzhmZjI0ZGYyMjVhIiwidGFnIjoiIn0=', 'eyJpdiI6IlVsN2loRHRFVExkdThBWU9STVJIV2c9PSIsInZhbHVlIjoiNHU0cG9DUHdueHRNL1F1MmVnZG1wQT09IiwibWFjIjoiOTg3YzQ1NWVlYTUwYzM5Mjc2Yzk1MDRlMDBkOTY0OTUxNzU0NzdmNGZmOGE3Y2M4M2UxYTU4YTRjMDc1NmE4ZiIsInRhZyI6IiJ9', 'eyJpdiI6ImlyNG9zTmlOTmpvSU1FdGlXWE9PWWc9PSIsInZhbHVlIjoibi9ZeUgzbnhZem5tMnVCZ3hDVGRyZzRCdWlWZjZDeGJCZ1h5QkZoanhkSGVxSHkyMGozaGViaXRhUWxXcGdjcCIsIm1hYyI6ImFmZTBhZmQwNWY4ZTk1NzdjZDdkNGUxM2NmYzVkNmExM2Q1MGU2OTdhZDNkMGI4ZDUxZGU1NDc0YTAwMjAyNDkiLCJ0YWciOiIifQ==', '2024-12-15 01:47:41', '2024-12-15 01:47:41'),
(16, 1, 'ruecker.com', 'eyJpdiI6ImF3T3hjb25RcHhsbWdkYk9GMzFrQWc9PSIsInZhbHVlIjoidlZPSkh3Ni9mVWRHWGt1QnRpOXYvWk4xQ2RlZE9kRy9oSDJnRVRRR1Z0ND0iLCJtYWMiOiI0MGY4YzE4ZDkwNWI2ZGMwOWIxNzA0NWRlYmEzNjliN2FiYjFhMjZkZTQ4OWIzMmM1ZWIzODk0MWQxZTYzYjAwIiwidGFnIjoiIn0=', 'eyJpdiI6IndxbUpBdStwcndQU0krR0hXSHZydmc9PSIsInZhbHVlIjoidnprc2I3MHpaUWhKdkJGNVJtN0FUY1M3MkZJZHVtTXFvVFcvR1RVQ1ZOYz0iLCJtYWMiOiJhNWNjYTgyOGU2YWRhMjU3OWRkNDg3ZGM0MWM2MzRmZjE4MDJmYmRjYzY1M2FkMTIxODA2YWY3NzRmYjg2Y2QxIiwidGFnIjoiIn0=', 'eyJpdiI6InkvNWl0ZXJZaXRBdWZ0UjBxU2ZhUEE9PSIsInZhbHVlIjoiNks5amxYaGV3bEpmOXpnTUpVcDZ0MTBXS3RBM2s4a0ZqdEVoZFRObDBMUT0iLCJtYWMiOiI3ZjAyMGIyY2FhZmM1YmM0M2FmZGRiYjA2NzVlMzAxZDBkZjVjMjY0NTYzZmY5OTRjZDg1NjI0MjBjZWRiNWQ5IiwidGFnIjoiIn0=', '2024-12-15 01:47:41', '2024-12-15 01:47:41'),
(17, 1, 'harvey.com', 'eyJpdiI6Ilc5SFJ0M05NM3YxWmhtMTh5MERnTGc9PSIsInZhbHVlIjoiczZ3NGJwWlZyVUJqL3EvWUhITEpLMk95ekJGRFlFR3F2azVvbVBXb1lsVT0iLCJtYWMiOiIyYjM4OTA3NmUzYjVlM2M2ZTI1ZjA1MTVjZTVlZmZmYTk2ODQ5ZGIyMmJmOGJkZGI4ZmY2ZWU4MWMwNTc5N2ViIiwidGFnIjoiIn0=', 'eyJpdiI6IkhWWEsrKzA2aC9sMEhBUmJIdXJEK0E9PSIsInZhbHVlIjoiWUVXaWtLWlN2amdKTzYrOHI5cTJmZk9Xbkd0WGRDa3FFR09wSFBieklNYz0iLCJtYWMiOiI1MTcwODg0YTc0YzFkNTJlODEwNzA0ZDIyNDdlNDhkMGIwYmJmZmEyM2FlNjVjYzg1MzA0MzNjMjg4Nzk3N2UzIiwidGFnIjoiIn0=', 'eyJpdiI6IldBZFEzVG1MdUFIallLZkNJN1pvTlE9PSIsInZhbHVlIjoiN0xSc2pwODQrekZRWDdaWEg3bUJ1MmZOL0tGcE9vRTBTbUpVQ2JxNWxaZz0iLCJtYWMiOiI5YmQ5MzlkMTgyNzU3ZDVjZGE3ZjI0NTgyZWY0ZTZhNGJkN2Y0YWQ2ZGUzMzFhYjkzMGQzZTVjZjgyMDRmMWRiIiwidGFnIjoiIn0=', '2024-12-15 01:47:41', '2024-12-15 01:47:41'),
(19, 1, 'rogahn.com', 'eyJpdiI6ImY2UlY4V3E3OHdWSXFYdEtSUDdPS3c9PSIsInZhbHVlIjoieVhHSlY5VERmRkl2R1FrdmpXbVNkY3BybGZnUVZ4V05obi84ejc0YjVoZz0iLCJtYWMiOiJkZmIxMzM1ZjNiM2EyYjFmMGRjZTE5MjRiM2QwYzFhZTE4NGFmNjY4MWJiYTlmOTViZTY0OTE3YmRlNDlkMGY2IiwidGFnIjoiIn0=', 'eyJpdiI6InBPY0Y1VUVlUDVOdlFmVC9PeFVNeGc9PSIsInZhbHVlIjoiRTM4WTNvZk8xYkpyMk9PNkhkSjNFQT09IiwibWFjIjoiNWEzNGZkMTJmMGY2NjZhNWYxY2UyZDM1ZDIyNDAyMjI1OWRmMDQyNTIwYTMzZDc2MjMwMjI4NjI5MzBlN2Y5YiIsInRhZyI6IiJ9', 'eyJpdiI6ImZmREtDc3ZZS2xucC9SaE1MclduelE9PSIsInZhbHVlIjoieTFkcU5Ia2htcWI3N3l6K0REM3B5SXJVZE93UFNGOUx1UXRuZERlWnJOdz0iLCJtYWMiOiI0M2E1ZmQ0NGIzOTdiNDRhY2Y4MzUwNmZlYzQyNjUzN2NkOTBlYTU3MTJhYmFjZDU4ZWQxNWRhYTQxYzU0NzllIiwidGFnIjoiIn0=', '2024-12-15 01:47:41', '2024-12-15 01:47:41'),
(20, 1, 'ankunding.com', 'eyJpdiI6InZ3Nll3bFZ5WExma0FEa0R3Y25hSVE9PSIsInZhbHVlIjoiYVcya0lVM0tLRms5R1VnalVOMEZQdTFxS0QvckxMcWNrMlVzMXVEa1N6TT0iLCJtYWMiOiI5MWRjZWMxNDA1ZTk2YjhkZTQyMjZiYWFhNzY1MWE1Y2EwMGU0ZTczNmQ5Yjc5NDkyOTg2ZDRhMjc1MzdhY2IyIiwidGFnIjoiIn0=', 'eyJpdiI6IkdVdjhGMmFCWk5mZS9OWUl1U3VpVXc9PSIsInZhbHVlIjoiTjdpV1Y5dXBxLzNJWjhZRHpBcW1Cdz09IiwibWFjIjoiNGUwNTc3ODMwMTFiZmQzYzQ0OTY5NDM0YTA5NTBiMzYxNjRjZjEwNDE1MmVhZGI0MGRjYTViZDFhNzk2NmEyZiIsInRhZyI6IiJ9', 'eyJpdiI6IjJyWnNIK0lzT0QyVnVrZk95dHFzdnc9PSIsInZhbHVlIjoiS3pmOWJ2MUp4Ylpna2hKSG1lYVViLytCK0ptZnp1SUVyc3VWekIzR2ZnNEc4V05uaXVXNDdoWEtMVkRlR2pHQ0tKaTlGcytkeFpKSHJJT2pqQzhhS3c9PSIsIm1hYyI6IjExNjU2NDY2ZjkwYTdlZDRmMWIzNjlkMDViMDA4MWRkOGVkNDYyMTViNjczNzVmNDVlMjg4N2EzNGE2ZWUzNGIiLCJ0YWciOiIifQ==', '2024-12-15 01:47:41', '2024-12-15 01:47:41'),
(21, 1, 'homenick.com', 'eyJpdiI6IjgvdFhZZ05GRkRwMzlWUVZOMTZLZ3c9PSIsInZhbHVlIjoiRC9KK1dUSzI3WmpkUVVydmM5SHRDUXFtZnlONVg0dnhnN3doNG9OaExrUT0iLCJtYWMiOiI1M2NlMjU3MGQxMzk1OTNhZDBiMWQ2ODMzNjY3Mzk4ZGFlNDY1Y2M2ZjQ5M2ExMDNiNzA4YTE1YjNkZTAzMzhiIiwidGFnIjoiIn0=', 'eyJpdiI6InE1VHFxc0pTSnlhV1NZcHhLd3FrakE9PSIsInZhbHVlIjoia3RTV3lScjkydWlwbEZEbGJiVDBSQT09IiwibWFjIjoiYzg1NTQ1NzE2ZTRkYjcwNzNmMmIzMTdiMTRhZTA0YjZiMGQ0YWFmZjE3NDM5NjRiODE1OTM5ZDMyNjkzNDc5NyIsInRhZyI6IiJ9', 'eyJpdiI6IkRQNVJMcEgzYkdwZzJjQmtJZzhndFE9PSIsInZhbHVlIjoic1lFWmNqL0dlcXlLcVlWUWhvb3lUcXJpVWNycXN2WWxrSEJnajE5Qkh4dVNuM3NCYUt0ZTdQLzdxNytTRENlZiIsIm1hYyI6IjMwY2IxOTNiZmQ1Yzg0MTY3ZTBlOTk4MzE4M2UyNmI5MzU2OGFlZTIzNGFjMjc2MDRhZDM1ZjVhODUyN2I0MmUiLCJ0YWciOiIifQ==', '2024-12-15 01:47:42', '2024-12-15 01:47:42'),
(22, 1, 'doyle.com', 'eyJpdiI6ImxzM0hoeGdqQ1dVYTNlcDRNalQvWVE9PSIsInZhbHVlIjoiNHpFQVRZOWpTOXBDN3NWT3FMQ3ZJN3p2aUdiZWdTNnlTUXJuQ2JrS2E4cz0iLCJtYWMiOiI4MzkxZGUwZDVkMzhiOTk2OWNhNTRmYjI3MzA1YTI0ZTEwMTcxNDVjZWE1OTVhNTcxZDNkNDFlMjAxOGI1ZTkwIiwidGFnIjoiIn0=', 'eyJpdiI6IjAreEtJTkJPZndmQ3lJQUxhWEgyWHc9PSIsInZhbHVlIjoiZTZhTzNLai8yMmtuempBQXdCU0ZCSTlJYXBTQ09YNGdFaWFpaTVCOXB5MD0iLCJtYWMiOiJlNzJmZDk0ZDQ1YmY5NzA1ZTM2Y2ZiYzJjNWJiNTAzMWQ4N2Q2NDE0MDY3YWRkMDVmZTVlNzcwN2VlMWFhNmYzIiwidGFnIjoiIn0=', 'eyJpdiI6ImdjRjREOGo4MUFtMGlNMVMxMmR2Y0E9PSIsInZhbHVlIjoiWUk4TVVXVnU5a2QxM09HSUxtdG01cmNERkxiL3JGRGpSUkR6OGFqdG1xazkrSDdmbS9tTStpUHo4UjR5dERrOXBHUXVjVUZueGxkNU1Fejk3a0RhNlE9PSIsIm1hYyI6IjNkNjlhNzc3MDI3YzVmNzcyNzA3ZWNiMGYzYmI3YWRkMjkzZDdjYmM5NDczYTFiM2Q1Zjg4MWVlYzMzMGU4NWEiLCJ0YWciOiIifQ==', '2024-12-15 01:47:43', '2024-12-15 01:47:43'),
(23, 1, 'hagenes.org', 'eyJpdiI6IkZZYlFhcUtwazNSTEZSU1M5cjg3Mnc9PSIsInZhbHVlIjoiSitxblRRTXJYK0RaWGxwaW1idXJGN1kzbE1xM1Q3VExvbmgwb0NqbDlLQT0iLCJtYWMiOiJjZjcyYjcwM2M3NmNhMWE2NDdiOWMzZjM2N2ZkMGI4NjNiYzk3ZTRlZTYzM2ViYmZjNWFjYjM4YzUyMzI3YjRhIiwidGFnIjoiIn0=', 'eyJpdiI6InBHMjJYNnNVMWpDRC9DU2VEZlVpaVE9PSIsInZhbHVlIjoiUHlGdFdoTWJidStScUhwYVNDRnBHUT09IiwibWFjIjoiYmY1YzUzZTdjZWQ1YWVmZjAwOTE4YzEzOGUzYWFjM2ExZWJiOTQyN2NmNzYwZjE2MDNmNjQwOGFhMzY4NGE3NCIsInRhZyI6IiJ9', 'eyJpdiI6Im1RRHF2WTZjdHFKSFlNZEFYei9KSkE9PSIsInZhbHVlIjoiS0d5S2phYTNNNWdGS3VyeWJpSGVYL0tNc0VmOUVGNzFxdVJqVjJTeVlVRnJ5b2hpTjJIOEoxcE5TTVpHa1lBb2ZHU3RBaW9MSEVkU0JEVTFsTDhFQnc9PSIsIm1hYyI6ImEwZDVjYzQ2YzA1YWM2YzJlNDgxM2U0NzQ3YTczMGQ5NjRhZjUwYzQxMzQwNjVhZWZhMDViNzBjZGU4YmNmZWEiLCJ0YWciOiIifQ==', '2024-12-15 01:47:43', '2024-12-15 01:47:43'),
(24, 1, 'sanford.com', 'eyJpdiI6IkZNYWhuWTNmcUNLV1FIcmxpWndlblE9PSIsInZhbHVlIjoiVXB5czJ6TmZDZU1YV1VEbjlTQkhvdGxiV3RZaGhEcHpaS1dwZGFhZzVEUT0iLCJtYWMiOiJlNDQ3OGZlYTllY2NiMjRlNDNiYzgzMWRhZDAwMzFiNTY3ODlhOWIxNzZjZDQzNmY2NTI2NjgxMjg0ZjFkNjAwIiwidGFnIjoiIn0=', 'eyJpdiI6ImRubmJxVXRMVTA3enE1UGxkNGx5NWc9PSIsInZhbHVlIjoiYi94alNJMkFyTmZma2VaQXVUaXZWZUtCWTUzdGo3ZEo2RGhTaDBKZGo5OD0iLCJtYWMiOiI4MzIxOWJmODYwN2U1ODdhYTE3YjIxZjhhN2M2MmUzZjhjYjcxN2UxMWVmN2Q2MTkzOTM0M2Q3OWZjNmJjN2FiIiwidGFnIjoiIn0=', 'eyJpdiI6IjNDL1VUcGJQSWZMWXRDSWpYbjFZVlE9PSIsInZhbHVlIjoiZEs0TWVxcnRvZkpjR255MncxUWVqYXJTNWhvNGNXQzJOSGdGcGlQUmZYRjBiOWpnYzJzcENUWUNoVEVoTzY4biIsIm1hYyI6ImExMTE1ZTY3MTMxMWUzZTRmYzBkOWFmZWRlZDhhODJiNWJjMTgxZDgxYzQxNDgzMTY3NTcxMzZjZjEwZjM1M2QiLCJ0YWciOiIifQ==', '2024-12-15 01:47:43', '2024-12-15 01:47:43'),
(25, 1, 'strosin.info', 'eyJpdiI6IkM4NE1aNVgweCtBMFREbUt0Mys0K0E9PSIsInZhbHVlIjoiM3Q5WFFNSnZmRm1URlhjRGpxd0NWU0QzRVFDeGZSYUtEMHJjMmlXc3AwUT0iLCJtYWMiOiJjNWJlOTc2OTUxMDdlNDAwMjJiNGEzYjFhZmM3YjhmZjNlZmZlYmQ2MmM0NDNlODRlY2ExYjRhNTI0Y2MxOWQ0IiwidGFnIjoiIn0=', 'eyJpdiI6InF5ajlwSU9UcW9WOG9PQ1czTkd3QUE9PSIsInZhbHVlIjoiZFozcHdjYVBwaHhVckhHUGNCTVF3UT09IiwibWFjIjoiOWEyMzEyYTcyMzE4MmI2MWM0NzA3YTY3NmFjY2ZhOThjODBjNGY1NGQ2MWYzZTk2ZmFjYWNiOTY3NGQ3OTViZiIsInRhZyI6IiJ9', 'eyJpdiI6Im9yWWVFM2JHNGk2OC9acmlwaWtKdUE9PSIsInZhbHVlIjoiaFJsbDFmS0t3NXYwOUNKemtuQld5V3VkRnlGT3gvNEtHaTNmOE02UzdiS1pSZEU5aHp3Z0YxOS91bEM4SE5rUlcwbGRQS1k1VEpYUnZjcFVFdTFHZ2c9PSIsIm1hYyI6ImE1NDM3ZGJhZDA3M2I0ODE2ODM2ZjEwYzc3ZTgxZWIwMWQ0ZWEyYjIzOTJkZjVmMzdmYTA0ZWI4NzQ4YTNkYTkiLCJ0YWciOiIifQ==', '2024-12-15 01:47:43', '2024-12-15 01:47:43'),
(26, 1, 'dach.com', 'eyJpdiI6IndVUklOaDl0WEtIdG1wdnp5S3U0dFE9PSIsInZhbHVlIjoiM2JtU0Y4cU4vNFArSGZDZGE4ekRZa0o3ak1pOEUvdjFTYWx4OCtqaDdNVT0iLCJtYWMiOiJmOTFmMzM5YzcyOGVkNTVhODAwMzBjNzAwYWQ3NmU4OTcwODUwZGNlNjEyMDI1Zjg3MGY1NmZkOTBlY2M2ZTBmIiwidGFnIjoiIn0=', 'eyJpdiI6ImFxQ01KVm5TM1B3c1VURlgybUpIWVE9PSIsInZhbHVlIjoiNVlPWWJQaVNDOUZwdVdpRWl3MDJ2UT09IiwibWFjIjoiMWExZmY2ZDljYWFjY2QyN2RkZTA4MjM1YzY1MDc3OWE2NTY0NDg3ZDA5MDIzMjM4YTI3OWRkYjA1OTNiZDE0YyIsInRhZyI6IiJ9', 'eyJpdiI6InBCTlNwZGFHRk50cHBDZms2MEh4aHc9PSIsInZhbHVlIjoidXZVSGNpeXpMdGp3djcwWDV3Nit2Zm1VOHhkS0haM09GNlhHdTE0emxqZz0iLCJtYWMiOiJhYzA3Y2QzYTRiODc2OTQyMDI3ODRlYzM2YzdjOTE1MTNmYmIyMDc1ZWZlZDEyNjdjZjU1NjgzMzVhNjhjYWQ3IiwidGFnIjoiIn0=', '2024-12-15 01:47:43', '2024-12-15 01:47:43'),
(27, 1, 'upton.com', 'eyJpdiI6ImNoSmM5Z0JxdmsyNEFTNm5oRnZ5bFE9PSIsInZhbHVlIjoiZTh1Tjh6SnNadkFWQnFrcFRDRUI3aGM1ZHQ0dURvd3lJczZaVkxHcnUxWT0iLCJtYWMiOiI1Yjg2MjI4ZjlhOWY5NzkwM2U3YTBmZGNlM2Q0MjllYzUxM2U1ZGFlNGZlNjI1YTQwMDNmMGJmZmE5ZGRjNGMxIiwidGFnIjoiIn0=', 'eyJpdiI6ImdxTVYrRStGcW9nQ2VJNmtWWS9ZRHc9PSIsInZhbHVlIjoibU5hbGJxVnNNSmt4LzNDUEtiOUtJQT09IiwibWFjIjoiYmE1Zjc1MWE1ZmNkZjlkMmFiMDIzOTk3YTU3MWY3ZDM4YTEwMWIyOTJiY2E4ZmUyMzJhY2Q3ZmU4YmJmNTA3NiIsInRhZyI6IiJ9', 'eyJpdiI6IjRTQk01aWRyWkM4UWR0TTNQWlcySnc9PSIsInZhbHVlIjoidVRNTHJ1NGpjdHJ2Q2ZxZk1KajRYNXVWUDZvVkdOR04vUldJNDlzeUdNZm9JL3NsZ2V0R3V4M3lHR2s5Skl2UyIsIm1hYyI6ImI3YWMxMGU5MGQ1NGExNGYwMGFlMjVjNjM0NmE1YTUwYzdiYmZjYjg3NzFiMDRhYTFkZDVmNDQ5MjQxODZjMDciLCJ0YWciOiIifQ==', '2024-12-15 01:47:43', '2024-12-15 01:47:43'),
(28, 1, 'bechtelar.com', 'eyJpdiI6IkhBYmlpNXhTbVlIQXV4MHNtd05QYnc9PSIsInZhbHVlIjoiQUcwMHBtcDdrRjNrK1IxTEFaNXJRaXhtOXMyVVU5TGlRRUF5NkFWSlRCdz0iLCJtYWMiOiI5YmRkM2ZmMTE2OTRkOTAxMzE0YzdmZDhhZjNhYTJmODYwMzhiMTQ4ZTQ5Y2EwYzliYzU2OWQzZjkyYzQzYmUxIiwidGFnIjoiIn0=', 'eyJpdiI6ImNzU0ZlUmNTOVRVZDBrckUreHlBNFE9PSIsInZhbHVlIjoiYWtBQUtOTXhRVGFtRlZRRmM2TXdWZz09IiwibWFjIjoiZTY3MDJkYmEyZDMxMDkzMWU2ODdhM2NiOTZmOWJlMjJhMjEwYmVhM2MyMTcxODdlNDJiNzM1ZWI3ZDRjZjJiYSIsInRhZyI6IiJ9', 'eyJpdiI6InpOZlpHSkIwMlNtdE1SSGRQSmpHYkE9PSIsInZhbHVlIjoiSlJ0ZG8rMkdkUFlxZVVZS0M2em02L1MwSHhJM05nTHRUVVo1MjNnMkl5TndyNzRHbGNvYys4d1lJM3JSU2xjSiIsIm1hYyI6IjY1YjhkODcyOTgzZDYxNzc0OTNlOWQyOTc4NzNmNjA0ZDgwOTZjYzM0Y2YwMWM4NmE1M2RmZTAyZTExYmFmMjkiLCJ0YWciOiIifQ==', '2024-12-15 01:47:43', '2024-12-15 01:47:43'),
(29, 1, 'lang.com', 'eyJpdiI6InpZQU9IL2tqbkpkaHo1NE9BUXB4Z1E9PSIsInZhbHVlIjoieEFqdHNWR29UZSthVWRlK0k3Q1hFYkV5MkhpdCs5bGx5QjhVcWVXOUNmND0iLCJtYWMiOiJjNzJiY2Q4ODVjOTY4MjFmMWQ3MzcxZTgzNzE4NDc0NDU5MGI3ZDNhNTcyZGE1ZWY1OTljNGMwYWRlZmE0YTU4IiwidGFnIjoiIn0=', 'eyJpdiI6IjRLeWVjRExlWGJPU1R2Skt0Z1BvaVE9PSIsInZhbHVlIjoiZzVxU2ZZSFJjMUZKdVdVWU56dStJQT09IiwibWFjIjoiNmVmZWM5NWJlNzgzMWJkYjA1ZmFhYWI3MjU1N2QzOGNlNjFmZGU3OTU3NTcyODA5OGZhODlmZjA1ZDRmZGEwZCIsInRhZyI6IiJ9', 'eyJpdiI6IjBjQnBZaHluNjFNN0JNUDQ5WmlUbUE9PSIsInZhbHVlIjoia2NjaHBYNEo0UktKclpsOFdvZUtkL09CdVRSY3lwKzFORUgxM3lnbUtvdFFYY3Ztb1drcGJRTlVzVE1tL3d3USIsIm1hYyI6ImVmMDljMDYxYTY3ZTQ0ZjkwYTU1NmY3ODI2MGE4ZjZmODc4N2QwMWJjM2NlZDQ0ZTU2NWQzZmYyYjQ0MjIwZjEiLCJ0YWciOiIifQ==', '2024-12-15 01:47:43', '2024-12-15 01:47:43'),
(30, 1, 'franecki.com', 'eyJpdiI6IjhVWWpROSsvL01OdlpIRXNGeElUOFE9PSIsInZhbHVlIjoiL3MraDdUTElOVXFveVhBaUt0OUg1VXdZS3JuS3Z0RWg2Ry9ZbzJ4cjFFVT0iLCJtYWMiOiJhODE3NjI4OWY1MDRjYTRhZmZhZWFkNDI1NGVkZTdlYTdjYWZkYWQ2MTVmNDNmN2EzNzhiMDQ3NzlhN2E2YmMwIiwidGFnIjoiIn0=', 'eyJpdiI6IjNFQjRzcWpXQVd2Q1llVmtVQ3JTNXc9PSIsInZhbHVlIjoiSFpiY0tCQUpRakw2QXliMDg2Skh0UT09IiwibWFjIjoiMjdkN2NjMzUxMjZkZDcwZjUzNjgxZDVjODcwNzg2YmNmYTZhOTYyYjEyMTMwZmE1MTQzN2U0MzBmZjYzMTFlNSIsInRhZyI6IiJ9', 'eyJpdiI6InVTKyt3dXdFRlVFeTdIVFRHUHdBOUE9PSIsInZhbHVlIjoiSW15MUs4UEdHYnNEeGdKY3JzalBrQWlobU9tSFNGV1llYWZHakRGMk1sK0RKWkFEVWtjWXZzUlJLM2NKam9OcnR6S0g5NTNkaGFQMmw2UHEwL2dnaVE9PSIsIm1hYyI6ImU4MGMzYzgwZDkzNzQ5MDFjMTI2NjkyODk2MDRiZjQzNzUwYmRiNGYyZjcxYjE5NDUxNDkwZmVmMzQzMmVmNDciLCJ0YWciOiIifQ==', '2024-12-15 01:47:43', '2024-12-15 01:47:43'),
(31, 1, 'cronin.net', 'eyJpdiI6IkU0YVc0OVBMbkpldXVDbTJDNHlzYWc9PSIsInZhbHVlIjoidHdFUWthTG5zeW8rWU1qaXZkYXh0TGs2WWFVdDRMQmhUeFY5KzRTVUtZdz0iLCJtYWMiOiJmMjk4ZTNhYjAwMjQ0NDFjNjVjZjM5ZTdhYzg5NDg1MDJkYzkzMmMwM2JiZmNiNWZjMzk1OTg4NzM3YTY0NWNhIiwidGFnIjoiIn0=', 'eyJpdiI6Im0valdwem5jZmM3ZFREcFBGWjBLU0E9PSIsInZhbHVlIjoiKzdpZjlrQUNTVFpiNVpWUzBaTWZhNTRlM291UmhpT0ZZeURvbFRLTXZmMD0iLCJtYWMiOiIzYTkzZTg2ODZkNDE2NDA0YTkyYzY3NTYzMGYzNWRkZDI1NzAzY2U3ZjEyODFjM2IyNDJjZWI0OTkzNGU2YjVhIiwidGFnIjoiIn0=', 'eyJpdiI6InluVWt5aW5lMEx4WU94dnE0L0hmSHc9PSIsInZhbHVlIjoiUTBKTWpSNjBrK0hFaWhFZmdpN3BaVCtFVzF1WFBTVTVyT0ZXTFhEQ0NuOD0iLCJtYWMiOiJhZWE1Yzk4NGJkZjZhNjgxNTFlZWU3ZTU5ZWYxYjYzODI3OGM5MTgyZDM3N2M4OWYxNTI1MWYyMzc5YmQ4NzA0IiwidGFnIjoiIn0=', '2024-12-15 01:47:44', '2024-12-15 01:47:44'),
(32, 1, 'heidenreich.info', 'eyJpdiI6IkdJVHUrRDRKV0tsemplaEsxUFp2ZWc9PSIsInZhbHVlIjoiZUlmZFhEcS9keUhWVUFRNGFQUnF6OHdRUFBQUkVwbVpwOWhzSUZsZ1lodz0iLCJtYWMiOiJiMDA0MTRjMWIxYWRiNTNjZmFjMTVjNWI2MzM2YzczNjJmMDMyNGNkNDFjMjljZjMzNTM3NmE3MTFkZTlmYjIzIiwidGFnIjoiIn0=', 'eyJpdiI6IjcyWkNFNVZKeWxGeTNpVFBVY0ZFVHc9PSIsInZhbHVlIjoiTk53T0lGUEgrVU5TaDRXdzc3d2pqdz09IiwibWFjIjoiMzZlNTEyMDliYjFmYzU5NzA2YTBkMjY1YmRlY2U0MjVjOWQ3YmU3OGExMTgxMTA5ZmUwMGM1NGM2MmFhYjUzNyIsInRhZyI6IiJ9', 'eyJpdiI6Iko1U2dRMW5ReW9aeko0MDhHbXRRQ1E9PSIsInZhbHVlIjoiVm9FbHFhcGppbGNBMEZHbGMrMnI1ZVVlYzBON3Ria3cweExwaWFtRFgzQW9RTU5aZDJnOS9zM3J1MytWa2V2WHBUZjE2cG5yRE9lR3pHNmU0YUNsN3dmMXpkQjlRWkRVaEdDWjZnTVFJcTg9IiwibWFjIjoiMDcyZWNmY2JiMjAyYzIyYmQwNDMwYjZkZWM2MGMwZTc3NDE3ZTJlYzU1NjhlYmVjZjFjMWQ1MTEwMTdkNjdjYiIsInRhZyI6IiJ9', '2024-12-15 01:47:44', '2024-12-15 01:47:44'),
(33, 1, 'lemke.info', 'eyJpdiI6InpiQm0vWmJQZjJESDNzMjIva2N0V2c9PSIsInZhbHVlIjoiaUszbXltYnNoVWZidHk5cnpoMFFtV3ZObjRGRjVmTHZGeU9hby9jR0c2QT0iLCJtYWMiOiJmY2I4YWViZDM5NDc3Mjk4OWFkMTQ3MGVlNjQ2ZTM2ZTBlN2VjNWUzNWM5ZGZmZWU2YmM4Nzk3NDllNWVlYTg5IiwidGFnIjoiIn0=', 'eyJpdiI6Ijd2eHRDV1U5eU0xNC9NWHhGc3pMRWc9PSIsInZhbHVlIjoia2NIWlpiaHRKa2RxOHV6Sjl0cTdKYWZIM1FoUTZQdm0xbldqVlRESEVCTT0iLCJtYWMiOiJkNzFhNGYwN2NjNmFkNjE0NzdhMzMyYTQ3YWE4YzAwODUyNGY2Y2I0ZjE5ZmQ1MTZjMGRiMjRiZmFiMTE0ZDZmIiwidGFnIjoiIn0=', 'eyJpdiI6IkVJV0JuS2JjVERrVTlQOG45ZTkyZWc9PSIsInZhbHVlIjoiVUpoR0xTUUNvRVhGZ3ZpVzQ2d0p6ck1pbVJYMmRXSWQxSWN2ZmxzZzNkTncxcDF0TVIvcUhBV24wb0llNUNsbiIsIm1hYyI6IjY3NDQ0YjIwYTJhY2FkNjgwM2FhOTc5N2MzMTg0MmI1MWJkNzFiZTRhMmFkMDI4YTQxOTI3NTIzZDMzZjQ5ZGEiLCJ0YWciOiIifQ==', '2024-12-15 01:47:44', '2024-12-15 01:47:44'),
(34, 1, 'olson.com', 'eyJpdiI6Ilp5UkJRc3VqcGE2Rllkd1pKM29mVFE9PSIsInZhbHVlIjoiZ1ZZZXIwL1F0cWFOOVNKZis4a0RPaTBoQUk4ZVhyd3p5YVo2d1N3ZXpTQT0iLCJtYWMiOiIyNjNjNjkxZWZkZTMxOGJkNmNkZjUwNjgxMGUyODBkODY0NzYyOTQ3MTUyMjE4MDU1YzNiYTk1OWJkZmZmZjIxIiwidGFnIjoiIn0=', 'eyJpdiI6Ik0vdXdBZHJEWU44a1ZWVDVoQ1kxa2c9PSIsInZhbHVlIjoiTFErMTBFMm1CUzVTS3drOGgyd0RqUT09IiwibWFjIjoiMmU2ODNmZWMwOGJiYzg5YTRiNjJkMGM3OWVhYjMyYTEzY2MwMjNkN2NiZjliZDIxOTFhNjlmNDdkOGQ5NjdlMCIsInRhZyI6IiJ9', 'eyJpdiI6IlNyaVk4WEZKeUI1dGZxUDU3SzRremc9PSIsInZhbHVlIjoiT0NQaXFsemJnTVRqL3V2eWF4N3Q4K1pjMll3TTdXeWJKeUllMXRBS3krb0ZwdSsyZC94VUlySnEyWUtScjNpeiIsIm1hYyI6IjRlYzBjMzJjNmVhNjI5YTM4MWVmYzY4MjE0ZjE2YjMzOWZlOWNkZWQ0ZDI0ZTlmZDFjZGM5ZjdjOTZkODM3MTYiLCJ0YWciOiIifQ==', '2024-12-15 01:47:44', '2024-12-15 01:47:44'),
(35, 1, 'botsford.com', 'eyJpdiI6Im93bEthS3pCMVMwcmNqeDJZQTdNckE9PSIsInZhbHVlIjoiMjFnL1ZhVEJvNzZmbVQ1L3JETVJiakxWaFdVc0swRDZXckJKUXAwbDR3TT0iLCJtYWMiOiIxZjdjNTVhNjBlNWZkYzQwZjFhYjBjMjk3ZmU3MjYzN2YzMDAwMzFiMmNlNGVkMmNmMjFkMmNhNDZiM2VhN2YxIiwidGFnIjoiIn0=', 'eyJpdiI6ImVOTndMNW1QSDdwV085bFdPeHp6b2c9PSIsInZhbHVlIjoiaVRtSDNuY3ZvZmVCYkF1YUZQZVIxUT09IiwibWFjIjoiZTFhN2ViYjFjYmRjMGE5MDk0MDM5YjJmM2ZjZWExMjE2MWMxYWYzNTI5YjBlMjI2YWY4NzE2MjI4ZjE5ZGJiNiIsInRhZyI6IiJ9', 'eyJpdiI6InF4V3Bkc0IvaUVBVW1YUzllLzNMVHc9PSIsInZhbHVlIjoiSW5oNkFHZFRkSnczYUtFUE9lbDNtZmJiRXZmb1B6MGM0cVh2ci9sdlhnN044aTRUeXAvemFVYnluOFFQNHpJOWI1Wm1LWlBpUzgvTUphblNzZzVLcUE9PSIsIm1hYyI6ImM4NWQwMGRhNWM5ZTM1MmNiMDgyZDk2MTMxNTJhNzVlYzlkM2JiZDZlMWM0NGFlYWQ5Njc0MWY5ZjZkMTc2ZmYiLCJ0YWciOiIifQ==', '2024-12-15 01:47:45', '2024-12-15 01:47:45'),
(36, 1, 'mckenzie.com', 'eyJpdiI6Ijh0cHYzbXYyVVppckxCS21sWmg2YkE9PSIsInZhbHVlIjoiMDRxWlNYT3R0d29aejZYN2xhTE4xcGd4a3NZcHlCRjFyK3dZbGtnM3g4OD0iLCJtYWMiOiI5ZDYxYmIzMjJjOTI4MzlmZDQzNzIzMDJmMGY3N2M1Zjg0OTY1M2I1NjM5MmEyOTA3N2IxOWRkYzY0OGQzZDZiIiwidGFnIjoiIn0=', 'eyJpdiI6InNicDBKM0N4V084MDBGSGpFSWpqeXc9PSIsInZhbHVlIjoiMGhRMUxjQUVkSG1UL0tFaHpNRUl3QWFNbnIyNFlTWDRZamgzL1JleE1YUT0iLCJtYWMiOiJhOTJhZWE0ZTkwYzAxMzU3OWM0OTE5YmNjYjgyZWFlZTE2ZGRmMTM3ZDcyYmEyYmQ0NTQ2N2IyN2UzN2E1NTYyIiwidGFnIjoiIn0=', 'eyJpdiI6InUwVEV3ajhSOHU1aVplSzBDbHJhNXc9PSIsInZhbHVlIjoiVWdYUFFOUGxXZHdFN2tTK29XWWNaQ2hWUFpacGVLdUxVYnZ0cUR1Q1R6Tm01amJKczdBeEFGRVp6ZlFKdHpsMTlTRmV4VVpxakxEN3BGVUh5ZnNmVGJIb3dkV0FaK0JDUlN6RW9jRVN3Tmc9IiwibWFjIjoiODZhNzMxMDFjNzY5YjFhNDlkN2Q4OWEwNGNhODMwMmE1Y2E4ZmNhZWI2MDQxOTcxNDYyOTcwOWM4MmNkYjRhMSIsInRhZyI6IiJ9', '2024-12-15 01:47:45', '2024-12-15 01:47:45'),
(37, 1, 'hessel.com', 'eyJpdiI6IlF0d1Y3WkVZQ0F5US91cll0OFJYMkE9PSIsInZhbHVlIjoiSnN6MW5SVDJvSDh4U0xXblgyZ2ZMUVlyZGI4d2FmNStHellYTHFMRkhITT0iLCJtYWMiOiJmZGFiY2U5MjZkMjQwOWQ1Y2I3Mzk2ZDNlZGMxZGFlNjMzMDY1OTM2NDMxZjEzNjYxZWI3MWUzMmY2NmI0YTBkIiwidGFnIjoiIn0=', 'eyJpdiI6InNMTmFqbDlWTVhVaTMySW83RmdGSlE9PSIsInZhbHVlIjoiNE9EcVN1OU9DeHowMG5tdVErV28zZz09IiwibWFjIjoiNjE4ZjM0YzM1NTY0ZDIzZDk2NDA0OWU3ZDZlZjA1N2MyZGJiMTY1YmFiMGZhNTAyMzY4N2RlYTg3NTQxNGQ4MiIsInRhZyI6IiJ9', 'eyJpdiI6IkRJMEZPWlIxS1lmbDY1b2Nja01iNFE9PSIsInZhbHVlIjoibjZiUlpwUjN4TzQvL2Q2a0VJM2FteThNVXlBNDFub01ORmhjbEQ1bGFGWT0iLCJtYWMiOiI2YjQyNDBlNTY4NmJmOWU5NTYxZWIwOTcwN2UwMTgyMTczNWU5N2JjYThiYWI5ZmEzYjMzNjEwMzUxMTRhZGZmIiwidGFnIjoiIn0=', '2024-12-15 01:47:45', '2024-12-15 01:47:45'),
(38, 1, 'bogan.com', 'eyJpdiI6InpDaEs1QjMzdDRtbWp4emlFcnkwRUE9PSIsInZhbHVlIjoiaGoxZlIvL0lRK1pvYnlOV29aMngwQjdwK2NhN0o2dHhqeFdUbklySFNiST0iLCJtYWMiOiI5N2VjNTdjNDQxNjVkZTFiMTZhN2NjNzlmN2Y0MzA3YjljNTQ5YWRiMTQ5OGU4OTJkNGE5NGYwYzJiOWQzZDk4IiwidGFnIjoiIn0=', 'eyJpdiI6InUwL3lUTEFuN2MxMnhWNk5VWFdOdWc9PSIsInZhbHVlIjoic3g1dTBidVJjYkN2K29IbEZSQ09BOUQ1N2p4MzA3M3VQZ2JCM1NaNnJnWT0iLCJtYWMiOiI3YTYxZTY5YWNmM2JmMjg2NWViMmY5ZTc4MjgxNjE1ZDYyOGJlYmIwMzc4YTMwNDUwMzY3YzJiMDVhMTkyOTNlIiwidGFnIjoiIn0=', 'eyJpdiI6IkhwWW40TG9ZL0l0bUxRVUFQYnNHeGc9PSIsInZhbHVlIjoicnlGb2JiVGNIWnUyZHNYYkZLL0NJUVpJNzZ4aHhZSTJpOWhDelhKaXRSTW5JRTdBZVRUaGdydzMxTXdqNmZldyIsIm1hYyI6IjIzNjBmYWY0ZmZkZmJmMmMxMzlhMzU5NjI5YmQ2YzNiMWU4OTZkOTk4ODg1ZDFjNTI0NjIxNTFmNTAwYTlkMDEiLCJ0YWciOiIifQ==', '2024-12-15 01:47:45', '2024-12-15 01:47:45'),
(39, 1, 'bashirian.com', 'eyJpdiI6IlJ3S0pjS2o4QTVaelkrTnpXVlFKbEE9PSIsInZhbHVlIjoiYXhTNWV3YldYbFY0em85c09kMVNNRE5RNFMyQnF4aVF5NzVTMFlnNlozRT0iLCJtYWMiOiJmZjY3YmYyODE0OTQyMGJjMWNjMmU3ZmUwNjQzNGZjYWUwZTMxZDYyMGVhYWVjNGNlMzI3YjhhNTUxZWVmZDcyIiwidGFnIjoiIn0=', 'eyJpdiI6IkJ5bERNd0pvY3c5TmlSdWpmbzRITmc9PSIsInZhbHVlIjoiR2hMeWttTk9XOS9rUWhPeXFpL1Y3TnlKMkh1UGtHZnVPR3ljL0ErSTFyND0iLCJtYWMiOiIyYWFkMDQ1YTc5NDgxYWQ4ZTRlYjQyMWY1MzJhYmQ4Y2JhYmNkODVkNWJiYTc4OTFjYzEyOTU0NGE5MTc5ODkyIiwidGFnIjoiIn0=', 'eyJpdiI6ImQ2S0pBMllZdkFhbUpxT0YxWUQ1cnc9PSIsInZhbHVlIjoiSE0reFhUVkRxV1VqNEJLYmlTYnkwbXVtWlNKZ0I4ZXNMVC9udmd0LzQ1TT0iLCJtYWMiOiI1ODg3ZWY1YWNkMmVmYzg0NWFkY2M5ODYwNzFiMTA3NjdiYmFkYWE3NDEzMzczMjU5MWY1ZWIxZTRiYzVmZDU1IiwidGFnIjoiIn0=', '2024-12-15 01:47:45', '2024-12-15 01:47:45'),
(40, 1, 'lang.com', 'eyJpdiI6InUzRGRJYnZHcmZ1cXp2ZWd0NU4yNXc9PSIsInZhbHVlIjoiZjdrQkFYUkxPa1gySHUvRHZkdm01WWxQeklSbmhHc2pkUGxzbFZ2RnV1ST0iLCJtYWMiOiIyYzRkMTc2NTdjYWVkMGVlMTYwMjMwMTg1MDFhZmY0NmI2NGJjM2Y1OTMwNDg0MjVlMTgwMjUwZDAwNTk2NWI2IiwidGFnIjoiIn0=', 'eyJpdiI6ImROcUhlR0daejk1TURUbnpwZ3VPaFE9PSIsInZhbHVlIjoidnlWa3QzMFRoOHRLdDR4TmV6RUFJKzdFRGtUcnVOa2g5ZjhxZ2tUYndTWT0iLCJtYWMiOiI3NGRkNDZmMjZmYzI5OTdkZmI4ZDlmYzkxYmFlYjVkZTA5OGUxMTk5ZjJiODdhNjJkNDhiZGFjMmU5OTdiYmVhIiwidGFnIjoiIn0=', 'eyJpdiI6Ind4Q3hNY2lucDBIU2JjK1FobkNlTGc9PSIsInZhbHVlIjoiMnAwOGF6ZzBMa0NKUXpKMHJKWnpOSGQxNWVXcC9RUmZGSHR2MWZzS1RjWjh5T2U3TkVVWjNzNjduWWFJcDdOV2QydWs3bmZ5RlRRWlJQbk9SaVA0enc9PSIsIm1hYyI6IjJmZDIxMjM3MWVmMjI3ZjZjODE1OGU2NzkyZGFkNDlkNTIxOTY2NGRmMzVjNjQ5YzZlZjdkOGZkNTVlNTRlNjIiLCJ0YWciOiIifQ==', '2024-12-15 01:47:45', '2024-12-15 01:47:45'),
(41, 1, 'schuster.com', 'eyJpdiI6IlBWV0pkZzFucTNhNE5ObkIyS0NVdkE9PSIsInZhbHVlIjoieW02aU15SDdPL3ZlaWRlSmZuYTRsS2l2RXE5d1ZBdWdoT3JFbHczdzVNTT0iLCJtYWMiOiIzOTc5ODMwZTE0ZjM3ZDg0NDQ1MjBlNTY0N2E0MWMzNTcwMGY1NmYyNzNlZTU2ZTAwNDZjZjYyY2M3MzI2ODJjIiwidGFnIjoiIn0=', 'eyJpdiI6IjVZL3pkSjBtbmJyZ2FlbGJRbm9WN0E9PSIsInZhbHVlIjoibGpsYzhkZGN5c0xJS01pMGpTTVhudz09IiwibWFjIjoiMWVlNjhhZWQwNWZlYjIxZDUwOTBmN2JlYjUyY2RkYzY2NzUxZjcxZWQwZGMyNjI3NzllZDA1N2U3MzcwMGZlNSIsInRhZyI6IiJ9', 'eyJpdiI6IlpUWnlzcFcwRC8rKy8yNzhpQVB1VWc9PSIsInZhbHVlIjoiYUtzYUVBbFZkVTQzRFIrdVJESTEvdi96ZEg1Rmd5SXFyVkE1K2YrN3luUENuckgwVmVjeUlqMGxZK0NESlg0VCIsIm1hYyI6IjE3M2MwMzc4YmYxMDQxNDcxZDYyZTI0YjIwNTU0ZTYwYjU0YjRmMTQ4YzYxN2QxM2NhZTEzMjgzZTU4MGI5M2YiLCJ0YWciOiIifQ==', '2024-12-15 01:47:46', '2024-12-15 01:47:46'),
(42, 1, 'schroeder.biz', 'eyJpdiI6IjJjNjBTaFRaUFY5ZVpXNDJBMVFFSXc9PSIsInZhbHVlIjoiVEhVa3ZqMlYwZCtNYVRhc3NuZHlZNmtGVmdxdFNtSWtQdk50L1AxbEZzST0iLCJtYWMiOiIyZjgyZGUwZmQ4ZDhmYzE1Nzc1YWE2NDQ0ZWFiNWU5YWI2MWZlYTgxYjdkZjgzNGU2MDc0NTBmMGZiODljOGM5IiwidGFnIjoiIn0=', 'eyJpdiI6IjdUd0JYbEpsMlAvVmtjdDViTS9MdkE9PSIsInZhbHVlIjoia0laU1UvaXlKeUhmZ1VkZWNta0ZLdz09IiwibWFjIjoiMjJmMWU3ZjU3N2RiZGI5ZDg5MWY2MzZjZWQwNDJhOGRkYTNjNjU2ZDkxNTIyNGU2NWMxZWE0MTc2Nzk2MjhmNSIsInRhZyI6IiJ9', 'eyJpdiI6ImJuMXoxc0FUclZpZWM5WHFlTmlIMmc9PSIsInZhbHVlIjoiZTloU1R1dkF0ZFcrREJMUFVMSmt4N1ZHZmRTc3hZVmF1cklBVWxsb0p3TT0iLCJtYWMiOiI1NjI3M2MzYTA2NjU2NjgzYTNlYTRmODlkZTA1NzMxNmQzMzk1ZDQ2ZTQyNDNkMjk3ODI5ODU0N2I3YjMxY2ViIiwidGFnIjoiIn0=', '2024-12-15 01:47:46', '2024-12-15 01:47:46'),
(43, 1, 'littel.info', 'eyJpdiI6Im9VZ2NKR0xDQ09mK281azhMSmM4Unc9PSIsInZhbHVlIjoiTHJBN0F1ZjJvYkJkNU1HU0xETVNOSlFnNnF5NzlqRnZSNTE3VmxuVEpBUT0iLCJtYWMiOiIwZTY0ZDA2YzI5NDQxOTc5Yzk1MTBjY2M3NWUzYzVkYmZiYTNlMmNlMWJlMTY3ZTE1OGNkN2ViNDVjNjcwNTg5IiwidGFnIjoiIn0=', 'eyJpdiI6IjRrc1hDMG5GbXZvUXhjVWZEdStOcVE9PSIsInZhbHVlIjoiUEFyK3J3TEhIMzdmc2dEQkhTM2tuZz09IiwibWFjIjoiMzc1ZjE3NjdlNmU3ODgzMjU5ZGQ4MzViYTViZTBiMmRiODlkYThjNzE2NjBiMGE0ZmQ4NGI2ZmU1ZWMzZGU0OSIsInRhZyI6IiJ9', 'eyJpdiI6ImdVaXgxakRzdzJrMUNMano0UzB6Mmc9PSIsInZhbHVlIjoiNFVRWXFYVVZHNkJqRlhTTlpDQ1I3YTcxT3RmS3ZDamxZaGpFaTVzaWxXQ0ZzdUNYSHJmV29FUW1RR3JtUU5DeldZbWRWZHExU3kxZUxRdkRBMjRkaWc9PSIsIm1hYyI6ImNmYWY4YWNhMDJjMjYxZTc4NTM2MjJhYmE4ODliNDZkNDdlNGM0MWE2Zjg1MWRlN2ZlOTdhZGNjNGQ1OTBiYzkiLCJ0YWciOiIifQ==', '2024-12-15 01:47:46', '2024-12-15 01:47:46'),
(44, 1, 'gibson.biz', 'eyJpdiI6IlYvam0rWnI1cjBCOWxvb0ZpK2Nia3c9PSIsInZhbHVlIjoiQlFma2RwbFhwTTVxZnRLN0JqRGVEZkNGT2V0cjdRTndHcjA0OGNKN0xRQT0iLCJtYWMiOiI3MWMwZGI1OTNlYWRiZmZkZDRhYWFhZDg1Y2Y4ZGFiZDA0NWI4ZGI0ODIwOGNhNjYzZDM5NWU2N2Q3ODUxYWY2IiwidGFnIjoiIn0=', 'eyJpdiI6Im1vT3pya0p1NnZsZUpqNHE4d0JLL0E9PSIsInZhbHVlIjoidVpFOEtVVW5ySVhrK0E2SFB1SUJPRk1ER2JkaEN4ZU5wb3JXWUFEbHdZWT0iLCJtYWMiOiI0ZDg2ODhlMmI4NGI4NGUwM2I1Yzc0YmMxNjIyNDAxYzQ3ZjMyN2VhMmUzMWU1NGZlMDBjODlhOWUxNGNkNmZmIiwidGFnIjoiIn0=', 'eyJpdiI6IjE2b3pFOTU1Y3VXeHJCUENadlJETHc9PSIsInZhbHVlIjoiNmNxZEIyTHlqSEQwdTF3UFpJTEIwalBPcUZDUXc1ZHNIcGlPdXVSZjBZZDBiKzQyd2Zxbmd4bGh4cTNHOVFCRSIsIm1hYyI6IjdjM2QzZWIzNDExN2UyNjBlNzg1YjgzNTU3N2UzMGNkYmZiMTg1YWM4MmQ5MDFjYzVhOTBhZTVjYzA5NTYzNjYiLCJ0YWciOiIifQ==', '2024-12-15 01:47:46', '2024-12-15 01:47:46'),
(45, 1, 'bins.biz', 'eyJpdiI6IlB4V2UzdUd4bXVoWnVKZkhuMVo4R2c9PSIsInZhbHVlIjoidURMZTZzamJ1QktTVXkvejBTRUJMbWF5TlMyajdHMlN6TXNoUlpFM2xCdz0iLCJtYWMiOiI1MmI1MzVmOGRlNDY5MGZhMzgzZjk3OGMwZmI1ZDA5YWU4NmFjYjMxNzNkMjY5Y2ZiYmY0MDNmY2Y1ZDY3N2MxIiwidGFnIjoiIn0=', 'eyJpdiI6IlBvdkt3RlVzR0tpcVVkRnhWZmt0NFE9PSIsInZhbHVlIjoidXovWFJxaktTL01CeHo0UmZia0NHUT09IiwibWFjIjoiNDRhYTQ1Yzk4ZjZhZWYwN2IzMTdjZGUyZWMyOWM3NWE1YjczNjM5N2Q3NGNlM2I5MzVmNjk2ZWQwYzM2ODk0YyIsInRhZyI6IiJ9', 'eyJpdiI6IjdTZGV1WDdpSnN1dzFBSHBIaVVTcmc9PSIsInZhbHVlIjoiQXBRT0JmRFViT1pCWFRCNXZIekFtOHRwU1lOWE5JelNGMHBhQ2VtNFhpVT0iLCJtYWMiOiJlMDFkZmEyNjllZjE4OTJkNDExMDI1ZDY0MGJlOTMzY2I0MzBmMDkwNmNiNjlkMzk3OTA1NDkyYTZhYzY2NDAyIiwidGFnIjoiIn0=', '2024-12-15 01:47:46', '2024-12-15 01:47:46'),
(46, 1, 'romaguera.com', 'eyJpdiI6IldvNzlwM09JaVk3Z3RKYkNNdnNTVUE9PSIsInZhbHVlIjoiNzdneTJXWTFBQ2k5Z2taM1JwS2dJMXdFcDZEMVIvVWcvNWRoN0tZbkhOUT0iLCJtYWMiOiI4YmJlOTE2NGVjNGU1MzE1OTQ0ZWViNWZlZGViYWMxMmYyMmQyZWM2ZGMwOTg3ZDYyYjg4MjQyZGQxYTNiY2I0IiwidGFnIjoiIn0=', 'eyJpdiI6Imc4V25KL3cwN2ZOQ0Y5TnVHdjBwM2c9PSIsInZhbHVlIjoiMm5hbzFCZmhYUG90cUMwbUQ5VDl5Zz09IiwibWFjIjoiNzExOTZlNzI1ZWVhM2EwOWUxOTQ1YzExMWFjYjkzZGZlM2U3OGM4MDY2NTNjNGI1MWFlZDBmOWYyNzMwZTI0ZiIsInRhZyI6IiJ9', 'eyJpdiI6Ikh6MFB1VHYxdGlCN1ExaTc4RGZEVUE9PSIsInZhbHVlIjoiblNFSlVybnErK1dNWHBXTjJrblErelFTZEEyeWhDenA3ay9IdENMVDRJckwvN0R2Z1pmTGZNL1N2cFdqRmN5bEdZTHFQSTJrWGN1MnpCa1c5YnR6eXc9PSIsIm1hYyI6ImY1ODhkMmI3MWQ4YmI5MmJjY2JiOGZhNmM1ZGQ5M2QxYWEzMGYzZjZmMThiNGVmN2QyMmM4ZGVhNzY2N2VjMGQiLCJ0YWciOiIifQ==', '2024-12-15 01:47:46', '2024-12-15 01:47:46'),
(47, 1, 'gislason.org', 'eyJpdiI6Im9CTFR3RXFMV1c5djFIYm1QeHlIaEE9PSIsInZhbHVlIjoiYmVtRmtQR0FOSk9ZVXp6V0ZUMFVSaVpSK0IrMllmUlcvUEd3Q3k2dTN6VT0iLCJtYWMiOiI5ZmVkYzEyN2Y2MjY1NzczNWI2ZmRmMzg1YmFmZWY4N2RiZjM1MDgwY2Y4NzlkYzRiMDRjNmQwYzc2ZmM1ODFmIiwidGFnIjoiIn0=', 'eyJpdiI6ImpEWXRDWVFJditUcTFYTUkydmVpV1E9PSIsInZhbHVlIjoiOHh6SFhPSXFaRzE4aEFVazZOa1JzQT09IiwibWFjIjoiNGIyNmQ4MWFiNDEzZDBmZWYxZWJiYWU3MWEzYmFjODBjNGMyMGJlMDJjM2IzNGRmNjQ3YmI2ZTNkNWY3MGI1ZCIsInRhZyI6IiJ9', 'eyJpdiI6IkdwbnpVRlJPQ2FkV0tDcjJVb3o5M1E9PSIsInZhbHVlIjoiV3hRNG5VVzdmbjBXODhTZnVzRnJuZHlTeGJ4Snl1aHlNejNWMk40dnFXeUE3SnBKeFJoMy90dWYxRmJJVVBnciIsIm1hYyI6ImJiOThhY2I2YThiN2U1MWFhMDQxOTBhNmY5MjRkODczOTE1NzVmMGE4NTMxOWQzZjkxNzZkNmQzMjViODU2MzIiLCJ0YWciOiIifQ==', '2024-12-15 01:47:46', '2024-12-15 01:47:46'),
(48, 1, 'bailey.biz', 'eyJpdiI6IjA4U3ZMdXNHSlJPZ2R3aGcxd2dQcUE9PSIsInZhbHVlIjoiaVBhcGl3U0VJb2NhWTlYTkpmZGJJeFllTFQ0L202dGkySkVMRW9xUnplST0iLCJtYWMiOiIyYTQyMGIxZDk2YTU2ZTRlZTI4ZjRmMjEyYzYzZWE1MTljNTQwM2NlN2ZiNzJmODVjMzg3ODVhOWU5YTQyYzQwIiwidGFnIjoiIn0=', 'eyJpdiI6Ijg3SlFHMnFScjNwYUFlaW5Sa0lQSFE9PSIsInZhbHVlIjoidTh5cW5mRFk0cnZYRGcyckVtR3Rmdz09IiwibWFjIjoiMjZjMTBlZTdkNjUwODM3MzBhMzA4MmIzM2ZkMTcwMmY4N2NkMmMzZWRmYTA3MTBmYjY4NzE3NGUwZTVmNjAzNSIsInRhZyI6IiJ9', 'eyJpdiI6ImVvRnprN2oyUkhYM3BkRXNOYktQeVE9PSIsInZhbHVlIjoibm9mQjlsbFNIa1BVWFFVWmNwM211bVMySlhuQjF5ZFJSc2R1VlVxbU5GZzIrT0d1eFFBdi9TQXUwblpPTmhwRC9uVC9nWkdWQmZUL0hSNTc4dDRaNnc9PSIsIm1hYyI6ImU1MjhiNmJmMDA1NmNkZjdlOTk4OGVlNTIwYWEwYWFiMDBmMWM5Y2Y1NjA0MjViYjJiZjZjZjM5ZjUwYTM0MDciLCJ0YWciOiIifQ==', '2024-12-15 01:47:46', '2024-12-15 01:47:46'),
(49, 1, 'kuphal.com', 'eyJpdiI6ImRkQnI1QjlEK21LdW5Na21FcXJZL0E9PSIsInZhbHVlIjoiT1BvVk9NaVlyRjhQcnJQdXJrNldkMHhQVzZGOTNsakFoTktTbm13ZWt0MD0iLCJtYWMiOiI3ZmQxOGQ0YmRmYmVhZmMzZmM1ZjE1YjA3MDIyOWM5Nzg0Njc4NDFiMzU5NzE3Y2VmMDhmZWEwNzUzM2YyN2VmIiwidGFnIjoiIn0=', 'eyJpdiI6Im5iL0R5bzFGa2hUellzcHF1enNvekE9PSIsInZhbHVlIjoiK0QrVjI4SW1TTC9tUy9sUDN1UmdWUT09IiwibWFjIjoiYzc4NzRiMDE1MDU0YTcxOTUwZjU5NGIyYzhkODdmNDE2ZmE3OThiMTZhZWY2MzdhODY4NjhjNzNiNjgzOTE5ZCIsInRhZyI6IiJ9', 'eyJpdiI6ImFDVEQrYzdUQmxVMm1SK0hxK1JDY3c9PSIsInZhbHVlIjoiQ3RDRzJIUDIzMndMNlI3NFFlNVdMZjBDenpRZUYvREhIQ2h0RmhQRXZqUT0iLCJtYWMiOiJiNTRiOGZjZGM5MzUzMDA4NjlhYTkyMTY3MjI3M2I3ZmE3YzM3ZDg4NDkzYjAyZDI2YWMzMjU1YTY2NmUyNzkyIiwidGFnIjoiIn0=', '2024-12-15 01:47:46', '2024-12-15 01:47:46'),
(50, 1, 'hintz.com', 'eyJpdiI6ImRUN0ZqZEhaTkEvTmdvS3ZyZm9xUXc9PSIsInZhbHVlIjoiTjhZRzR4alhzRndsWmppUmR2OCtvaHU1U0d1cmJYcDJMOXVSd2lZUmpVQT0iLCJtYWMiOiI5Y2IxYzUyZmNhNDZhODc4MmJiNzhhMGJlNGQ0YTE2Nzg2N2U0ODE5ZDg1YmE2NDM3OTBjNmE5NmY5OTY0NTcwIiwidGFnIjoiIn0=', 'eyJpdiI6Ilg0M09aVFZURU9XTTJENU5sNUZ4N0E9PSIsInZhbHVlIjoiRHVlQWdPTERKVDhUL0pnblpxcHJzUT09IiwibWFjIjoiODkxNzk5Y2ZmOTY1NDY1NWZmMjFiNjBlZmE3MDI2ZjA1YjFlOTliODM1OGI0M2MxNjczN2NiYjU0MDljZDIyNSIsInRhZyI6IiJ9', 'eyJpdiI6IklFSytKc0gwem1lNU5NN2JwZ3R5RGc9PSIsInZhbHVlIjoiUlZSenNDUWY2VjJDYkFqNFZjT3hEZkpVZGc4Rnc0eWlPbkxlbExyakVZQ3YvdFFJS3BzRkEzMWZSQVBpTDZwYXA2VjNiWVU5TTR4ZVY5M1B1THg3SHc9PSIsIm1hYyI6Ijg2YTFjYmNiODllM2I4OTBhZDg0MTRmY2MzYWU4ZjE3MjBhOGE1NTBmN2FiODE2YWY4ZDhlODZlMjdhOTU5MzMiLCJ0YWciOiIifQ==', '2024-12-15 01:47:46', '2024-12-15 01:47:46'),
(51, 1, 'hermiston.org', 'eyJpdiI6IlVubC91aWhYSFBEcnNZSnRVRWU3NHc9PSIsInZhbHVlIjoiT0dIdzF1VURkbkQ5RVB5N0V5ZW5YcDFHV1kzejFuQmsvNEUyT0gwR1lqWT0iLCJtYWMiOiJlMWExZDUyZDBhMTA1MjY0YTM0ZDA5Yjk5ODk2MDU1YjE4N2UwNWEyNGQ3ZWJkZjU5MWFiMjQ1Yzk3YmFiMTQ1IiwidGFnIjoiIn0=', 'eyJpdiI6IjliMlZRayswektNY3E2VHFUTHJTc0E9PSIsInZhbHVlIjoiRGdMQmpZc2dPUEFNR3J0MXhqZHA1Zz09IiwibWFjIjoiNDNkYjVhZTQxMmQ1YTQ3MTljN2YwZWRmOTY2NTYzNzM3NzBlOTViNmNiYWEyOTE0OGU5MDY1MTZjNWYxYzFiNCIsInRhZyI6IiJ9', 'eyJpdiI6Ikx5c0grb21Kdm1YVnNZMG9WOHh0dVE9PSIsInZhbHVlIjoiM0RFaHBaQkE2UWdDTkZ4OEUwMlZocDZONktzSXJoMGFKaHZQUUtSQTQ4a2pnYWovenJHUmt1cXRmeDhzRGsxZ1RKYlY3REp1SFptUFR0QktLc2JFYUdrbEpycklVc3o4b0pxRG0zdVg2V2M9IiwibWFjIjoiYTZiNGEwYjZjYWZkNzc3NTRlZWY1NjY1Yzc3MTY0NTYxOThlNGI4NDkwNTg0NzI2ODhiNWI0NDRkMGI4ZjJiZCIsInRhZyI6IiJ9', '2024-12-15 01:47:48', '2024-12-15 01:47:48'),
(52, 1, 'pacocha.com', 'eyJpdiI6IkdsZTVsK3lRL1U1ZkdYZkFSdzdWZUE9PSIsInZhbHVlIjoiQU1rNDQwWFNVSm44bDEzNnRSQ0pCQnEvTkdMYnVOOUcrT1NnRDhNWndEVT0iLCJtYWMiOiI3ZjdiMzJlMTRkMWEwODA5ZTE1MjFlNTFhODM4ZDZjZjM2YWQyMDI4ZTBiYWRlYmQwNzNiMTE3NTlmZDI2YTIzIiwidGFnIjoiIn0=', 'eyJpdiI6IjgyRy9aNXRJRjVBbkVYMDBSUzZXMEE9PSIsInZhbHVlIjoidHBJdnhpb1ZOdGcyZVpBRGIyRThldz09IiwibWFjIjoiOGZiZmFmODU4NmMzOTlhYWNhMzQ0YWRhMTNlN2FjYmM4NWRjOTMyMTA4ZjdlNjgxYTVjZmJkODFjYTM3ZWM4MyIsInRhZyI6IiJ9', 'eyJpdiI6IllhcjUzeGFLNDN5WGtJcUFFbWRFYkE9PSIsInZhbHVlIjoibnJtTmRDSnhBdCtDYVJrSEdMak5aVzduenRqWWdYOGM0RndYK2t0U1doY25rUy9FY0RYYURhT09nSzhpSU9OQSIsIm1hYyI6Ijk5YjI1MjhjMThiNjIyMmQxOTIyM2Q4MjAyN2UwZTcwMTc1MDcyM2Q4ZDNkZmI3OTVkMWE0YWUyNjJjZGNkZWUiLCJ0YWciOiIifQ==', '2024-12-15 01:47:48', '2024-12-15 01:47:48'),
(53, 1, 'heathcote.com', 'eyJpdiI6IjdiNHRHN3pnTHJ6QTBCNDB4TWpEQ3c9PSIsInZhbHVlIjoiTHhWTTlGRzhoZ0RwREhiT0VlbFVrYklVajVBUmlGNFdpVDIxMHFpTXRSVT0iLCJtYWMiOiJiNmNjNWJhNjM3ZGFjMzVmMGYxM2Q2NzY0MmE1Mzc1MTZiYWQ0Mjc3YWM0MWEzYTkwMmQzZWQ2ZjkwZDBiZDM0IiwidGFnIjoiIn0=', 'eyJpdiI6IjMzTDFPWktObE9tL1NzWEN2cW5Oa0E9PSIsInZhbHVlIjoibTBJMWo4Ni90d2xUWmxJb2xyOUxLQT09IiwibWFjIjoiM2MxYzBlNjk3OTYwNzkyZGRjYTI3ODIyMTY3N2Y0YzEyNmZiNGE1ODkwNGIwMjM2YTZjNWZjNTMyNTU0Mjg3MCIsInRhZyI6IiJ9', 'eyJpdiI6ImdYUWlUQ2hRNjErdkhoTjBKeUk0Q1E9PSIsInZhbHVlIjoibjRrS05CN0Q4Q0JROW43M3hBVkJQd21EQ09OanRRNmVPYldoWkV5WDFzandpWGJKcXZhUjRvSWJwS21BSkNyYk5rSkI2OUhkald2SzZTcTBjVGt0cnc9PSIsIm1hYyI6ImYzNzNmOTliYTIxMGJiNjFkNWY3YzA4NDdiM2Y3NGJkN2JmMTIxODg2NjJlYjk0OWJhMTQ0MGI1NTI2NmU0OTciLCJ0YWciOiIifQ==', '2024-12-15 01:47:48', '2024-12-15 01:47:48'),
(54, 1, 'roberts.com', 'eyJpdiI6Im1uSHNBY0NRcjQrNk5wNWtrQnQ0ZWc9PSIsInZhbHVlIjoidWZrN29VdkdpSzJJODJoM1pmd2NLU0s3aVpkSU8ydUJMdGFrN0ZzRCtJUT0iLCJtYWMiOiJhMDhlMzhhZmQ0ODE5NWYxZmI1MmVlMzE3ZmNlMmEzMTNjZmU2MDQwYzFmNmQwMDhmYzQwZmJlMDRkZGE5MTljIiwidGFnIjoiIn0=', 'eyJpdiI6IjJkcFExVjB4TDJ1bTN5cjUxVEtCbWc9PSIsInZhbHVlIjoiUXFMQU1zS0RERlZzZGZIVWlqWllKZz09IiwibWFjIjoiN2JhZjQ2NzE2OTJjYTc2NWZhMTM5M2U2YTI1ZjQxNWIyZjYwMjQyMDIwNTIzNTI1ZjM3Y2RlZTNmZjhjYWUzMyIsInRhZyI6IiJ9', 'eyJpdiI6IkFYNEhoQ2JoK2NSdzlsbzY1dVkrekE9PSIsInZhbHVlIjoiMmp4bXMzZSszNEZLRG9jTndBRStkc2ZvVXVCU0o0WDQvejBheXJUczNCOTIzOGdkdGlCcUhhaWlZMmtJSFNOWFJuQVoxQUlzYnA2SXdsOWd2OHUweWJWUWhLa2hNNWJkNEZMQm5SQnRDM1E9IiwibWFjIjoiYzI1YWVhYzExNTVkYWE4MWE3YzkzMzljMjViNDZmNTQ4YTJkNTU3NzY1MTZhNDhkNzEzMWViNTQ3MDM0OTk2MyIsInRhZyI6IiJ9', '2024-12-15 01:47:48', '2024-12-15 01:47:48'),
(55, 1, 'kuphal.biz', 'eyJpdiI6Ik9WOHFEUC8vQzlaWE1uUDV3M0hRbXc9PSIsInZhbHVlIjoiMUltYUt2WWtjcmxaMkhSb0ZUVHM4M2l0eWNPRTNIaDdOWndpWlovbkwyQT0iLCJtYWMiOiJjMTRhNzA5ODI1OTY5NDMwZmUyZWRlNWE3ZmU5ODRlOTExYjM3ZDc4ZjgwYjNiOWE4NzQyODRlYjI5NjhjZmQzIiwidGFnIjoiIn0=', 'eyJpdiI6Ik5YR1lVc0FJRFNmUDRxaitiZHJRRVE9PSIsInZhbHVlIjoiRTJzeVVtaTlwMXZIdm80YTQ3NDhYdz09IiwibWFjIjoiZmM2YzhiY2JiNjRmZDY3MzA4ZTMyNDExMTBlYWVjYmZmNjI1YTZmZDhmNmMzMjdjNTBlMWVhNDc2MGY2OGI0ZSIsInRhZyI6IiJ9', 'eyJpdiI6InErbngwUmQwMC94U1Jyd0JnZ2ZMVHc9PSIsInZhbHVlIjoiMWhoUzhjTVpyK0lVcVBiNmZMQnZCbzJyV0g0RjlEbFZHbGc0V21FWHByUkhjWkVKc1NnaTVHR3pVTUpWMldoayIsIm1hYyI6IjJjNzdiMGNmNzk1ZmViZDgwNDVkYWNkYzQ5NTk4MTY3ODMxZTc0NjZhMDJhN2FiZGYyZjQxNWZmYjk4NzZhMGQiLCJ0YWciOiIifQ==', '2024-12-15 01:47:48', '2024-12-15 01:47:48'),
(56, 1, 'reynolds.com', 'eyJpdiI6Im1FTTEwMjVIMjhVSnNPdDFKdmxMR3c9PSIsInZhbHVlIjoiWW5QanZjQ3ZVdVJPN090R1ZsVXVKZFUvYU9mcitXUDM5Vms2RHhtSFVuOD0iLCJtYWMiOiI5OWRkMGY1NjI5NDUyMzhlMTMxNjBmN2NhNzQyNGU5YWJkYTQ5NmQ1ODE2YzUzNTkyODVhMTIwNGQyNGM5ODliIiwidGFnIjoiIn0=', 'eyJpdiI6InlpVUh1SHVNSWtNOTlhTFRoYXpBUGc9PSIsInZhbHVlIjoiTkhDMG5OdEFNYk51S0lvVFpWc0hCQT09IiwibWFjIjoiZjk1MTdlNGIwZTk1MmU0YWE1ZWFmZTU3OGM1NmFhMmY2NWExYzA1ZmIyMjVhODg0YmU5NDI0NTBmNmE4ZDMyMiIsInRhZyI6IiJ9', 'eyJpdiI6IjljTHREYjhicmE4YjRLTXdaa3hrTWc9PSIsInZhbHVlIjoiWDJNWjdENEFZemVsRHB4eFoyM3VOVGtEbWhKSktsWTFSeUdyZnQxRDllTHZ1SDVLRWFweFBpeC9qdW4wSzJYLyIsIm1hYyI6IjdlMzg0OWE1OGUzNDA5YTM4NWNiMmVhYWIzMDA4ZmMwZDI4ZGY4MzIwMzczNDcyZmFlNTg4NjUzZjE5MmIwN2EiLCJ0YWciOiIifQ==', '2024-12-15 01:47:48', '2024-12-15 01:47:48'),
(57, 1, 'von.com', 'eyJpdiI6InNndUg5ekU0WmIvQzVzdktZOEtKWXc9PSIsInZhbHVlIjoiS0FrcHIyampVRk1PdGlPVFdhVjNPaXBYYVYxaFRlSlU1K1hSRmg1WmltOD0iLCJtYWMiOiI4YzlkNjJkN2FhNDMyNGRiNDM1NDRmNDIwNDk2NzIwZWUzYTU1N2I2YzVjZjJiOTI3MzEwMDlmODQwZjEwNDhiIiwidGFnIjoiIn0=', 'eyJpdiI6Ik9ZT2QzZDJoeVJnNnczVnFVd2V4Y2c9PSIsInZhbHVlIjoiN0J2SXhRMHl4NW5EU3I5dmc1VkhERURlMHJoa0d5VGgzdUorN0xGQm4wOD0iLCJtYWMiOiI1YzZiOGEyMjdhOGVjMTI1YjBjYmFiZDFlMWIyYjdiYzk0YzcwYTI1NTFjZGU5MjRlODBhYTY0ZjNiOTIwYjAzIiwidGFnIjoiIn0=', 'eyJpdiI6InhzRStJTERZem9Db0VhRElRMkxMQ2c9PSIsInZhbHVlIjoiZS9sMXgxVjY4TVpDSW5zNkZJT3FWYmx1VlVYYzNDR3RtNW9IcjUzeEczaDZyay9BNEZrbXNIZUFmb3pOcEFWN2h5c2p1UndHRzhNMkRkSkZwcDN5QkgxYndMUWFyVU9oLzFtV2xzVHA3aDg9IiwibWFjIjoiOWI1NDhhMGUxNDNkYzk1ZDY0OWE4NGQ0YzMzMDBmM2FmMjU1ZWQ2ZjRlNWJmZmY2YmI3MGI5OTM2YTFmYmRjZSIsInRhZyI6IiJ9', '2024-12-15 01:47:48', '2024-12-15 01:47:48'),
(58, 1, 'fritsch.com', 'eyJpdiI6IlROK3JNVUV3MWpNWndBMUlpaXhKWGc9PSIsInZhbHVlIjoiaWo5YmlnVkI1cU9GZ25NT01JQW5ueXd5SjA5aE9BTmdDcVduQ1h5MmlHUT0iLCJtYWMiOiJiMDdkODE1YjNhY2ViZjAyOTVmNzZmOTNhM2YyNTA5NDAwODUyYmU1NzIzYWZhODVmMTVhOTYzNTY1MjRhNjM2IiwidGFnIjoiIn0=', 'eyJpdiI6IkRHMEs0WUtueC9tV240K24zYVp2dVE9PSIsInZhbHVlIjoiQStpd0hGYlBQQStDNUwvZGs0WU1nUT09IiwibWFjIjoiYmE5OTAyYjE0MjA0NmRiOWU1OTIxNDQ5NzdhNTQ1YWIyNTk3ZjRhZmM5ZGQ5MjY3Yjc1ZTFmMjM0ZDI3MzhlNyIsInRhZyI6IiJ9', 'eyJpdiI6IkNSaExTSlZMTFNUSXJSTWpWM2JmeVE9PSIsInZhbHVlIjoiYXZSZlBWaWpBQ1VNS0lFcGQvTGxlUzZEeGViMVJQSVloU2FTSi8xYWxadllMa09hVXVlYlpnZ3dET0JmTHNsMWp5V1dMVXRYQWR1NC9SVkJraWxEbFE9PSIsIm1hYyI6IjAwM2Q2NDIwZTI0MjdmNTI2Y2M3N2I1YTU0YjVkNzZiMmIyMGEzNTcxNTk5YmRiN2ZjMjZmZWNhYjJjN2Q3ODciLCJ0YWciOiIifQ==', '2024-12-15 01:47:48', '2024-12-15 01:47:48'),
(59, 1, 'mcclure.org', 'eyJpdiI6InJGbHRKbWZoRk5XdHBJVkZhWHh5dnc9PSIsInZhbHVlIjoiRVdWa2dNQ05pZjUwd251Wk9vSzlpSTNvYndTQ3BlSm5DVmtGSG1EZjQ0dz0iLCJtYWMiOiIxMjg4NzgxY2U5NmY0NWE0Yzk1NjU4ODE3Y2UyM2U3ZmMyMGYxYTIzYjkxOTA5YTIzMTU0Mjc0ZGMzMzQzNDYwIiwidGFnIjoiIn0=', 'eyJpdiI6IjVYTlNjcUkxdFVRSUpRSDlyTjYrL0E9PSIsInZhbHVlIjoiYWsxeW4vcjd5MEpzZ3RWQno3QTNlQT09IiwibWFjIjoiMWFjODQ5MjcyYTI4ZGNiMzBkZTgxNmFiZmM0MWNiYTk3NDUxNDQ4MDNiMDcwYTQ1NTU5NzEzNjc3ODQwMzU4ZiIsInRhZyI6IiJ9', 'eyJpdiI6IkNqSDFMLzRnQkpRWXB0WGJveC9sdkE9PSIsInZhbHVlIjoiU0dvQUlEUE05NzZtS1J4SGVyK1JqKzJxQm1PYmd0ZXNoaXZVMStXYXUzdlhpT2s1NDhpZUJpaHhQbjlsRUYxUXJndHF6cStYS255RXdSTkc0a1dGQmc9PSIsIm1hYyI6ImMyYWQxMTAzYjY0ZGE1MGE1YTEzYWUyZDQ5ZjdjMTc1NGU4YzE2YTBkMjQ4MTQ3NjQxYTQ0MWU3OTY0OTU2MmIiLCJ0YWciOiIifQ==', '2024-12-15 01:47:48', '2024-12-15 01:47:48'),
(60, 1, 'cassin.info', 'eyJpdiI6InFURkJzTTR1Y3gxVnpyOG9zQ1M0WlE9PSIsInZhbHVlIjoiejNUZmlHclFnU2V1K0VhK1g0N0RnQkEySFFQUXpUVVFuNEoydndud1doRT0iLCJtYWMiOiI2ODFhNGRlOTJhYWQ0NWQ4Njc0YzljNTE4N2EwNTAwNzMwMjQyMjA0ODI2YjgwOGZlODYxNGUxMTgzNThmMDk0IiwidGFnIjoiIn0=', 'eyJpdiI6IklkejI3STZGMWRFbEdSRVpQRFBIVlE9PSIsInZhbHVlIjoiTTQxcXlOb3FtczRCT2F5RkNGaFJodjFTOTJyK0NidWlYNmpuTksvTjNqST0iLCJtYWMiOiIzMTNlMDRjYjJkYmU4NGIwZWEwOTljNTcwMDhlNGQ4NzRkYjA0ODM5YTdiYjkzZWM1ZDI2MmIzYTZkNzZhNzU4IiwidGFnIjoiIn0=', 'eyJpdiI6ImFsWVhQUXQ2Sk94dHk3Z2NlbElseGc9PSIsInZhbHVlIjoia1dGUHpSdzFBUCswSDZ5MUFvTUJIM1dsT0FFWTJ5MjFhTGl0U0QzM2t2c2VZY3M4a05zYW5EYno3QlAyRlVta2l3b0JLQ1hha3F2REF3R01MYmN6V2VHNlFkNmU0N3BjOExKU1RLUEYzSWc9IiwibWFjIjoiODc0OGJiMjdlNmM3Yjk3ODVjZGNlNzA5YzkwY2YxOWM1ZWQwNjMxZGNkNmZkZDJjY2M0NjU0NTIxN2VhNGVjYSIsInRhZyI6IiJ9', '2024-12-15 01:47:48', '2024-12-15 01:47:48'),
(61, 5, 'Kim Curtis', 'eyJpdiI6Ild5OGU2bit5WXpyeFVzbmxqdDdqYVE9PSIsInZhbHVlIjoiTWxSOTB2SVEvaUJFaFU1Qm5hUnZOenk5SWdzbWl4MWNjWUc0aGQ2Yy9END0iLCJtYWMiOiJmMDRhMjFhMDkxMWU3YzBjMDEzMGI0MDMzOGJiNzU5YjY0N2NkYWY2ZjQ4NDMxNWNjODI4NDZjMjAzZjc3ZDMxIiwidGFnIjoiIn0=', 'eyJpdiI6IklTVUZPUDZrY25qVE41ckhhaEVZdmc9PSIsInZhbHVlIjoicUovRnJUMHNzbkkxTCtScjlxU08yQT09IiwibWFjIjoiYTBlYWU0NzJhYmY1YTIzMjU5MzUyYTJlN2NjYmNiYTI0ZmViYzVlZGZlYzk1OTJhNzQwNmYzNzIyYTZkMzQ4NyIsInRhZyI6IiJ9', 'eyJpdiI6IlFVaXIvWXNVcEprTHhaK2FPek9qV3c9PSIsInZhbHVlIjoiNmoybFlZTEtNcWtGZ204ZEN5MzBGMU9hM3BPOTg5dUwyclV2WDVBY0M3TT0iLCJtYWMiOiI4ZDM0OTk3YTdmN2ViNDFiZjMxMDI3OTBjNDExMjY0NWQ5YTU0MTliMzFlYjNjZWE4NTVlNmIwMmJjZjhhYzU0IiwidGFnIjoiIn0=', '2024-12-15 04:31:53', '2024-12-15 04:31:53'),
(62, 9, 'Tyler Walsh', 'eyJpdiI6IkhPSk1QMmNVNTBrdFltbCszNlpzT2c9PSIsInZhbHVlIjoiblY4YWtYdmduMTAyV3RZdkxXa2M3K2FyOW9sZHZQOFJFbmk2dmpVMWtjVT0iLCJtYWMiOiIzODEzNDdmMDQ0ZjBiN2RmNTYyNWRjODA2N2E1MTQxNGQ4M2RmZTkzZDkxNDllMTI2ZjQwMzY4NTg0MTg1OTBlIiwidGFnIjoiIn0=', 'eyJpdiI6IkJObFdpaktEZWZOMUZ3SXUzSzBWQnc9PSIsInZhbHVlIjoiYVEwVng0RFQ0OEU0TTlSL2FFeC84QT09IiwibWFjIjoiYmE4ZGQyMDE0MzdkODI2ZTcyNTI5YTBhODJhNzE1NmQxNjAxZTEyZjY5NzcwY2Q0MTQyOGNlOTZlYmQ2MTRmZCIsInRhZyI6IiJ9', 'eyJpdiI6InVpbnRPYzhJUjRyMnBIenNYb0NscEE9PSIsInZhbHVlIjoiRGZkWWlsVFNxV3d3Y1RLamdmdUdUeCs0MkdKek5mdVBXMmU0c3RkYXFMOD0iLCJtYWMiOiJkNjA2MzFkOTU3Mjc0NzgzYjdjMmE0YzQ5MzY5MTdjNDczZDg0NDAzN2EzZWE0Y2JmNWFiNzRmMjkzYmU5MzkwIiwidGFnIjoiIn0=', '2024-12-19 20:13:47', '2024-12-19 20:13:47');

-- --------------------------------------------------------

--
-- Table structure for table `password_reset_tokens`
--

CREATE TABLE `password_reset_tokens` (
  `email` varchar(255) NOT NULL,
  `token` varchar(255) NOT NULL,
  `created_at` timestamp NULL DEFAULT NULL
) ENGINE=InnoDB DEFAULT CHARSET=utf8mb4 COLLATE=utf8mb4_unicode_ci;

--
-- Dumping data for table `password_reset_tokens`
--

INSERT INTO `password_reset_tokens` (`email`, `token`, `created_at`) VALUES
('dummy@ponpon.com', '$2y$12$S6QU/PhJ64AkPzd/sVGHaeGsena3gfJe/4CWhPn8htX1InwNUDNE2', '2024-12-16 05:15:50'),
('josydulin@mailinator.com', '$2y$12$9lKdObt1cpko6dGwyWMVfuUdoJt0712GUQ4QLiKL8i2O2h7cQ.GA.', '2024-12-19 20:14:29');

-- --------------------------------------------------------

--
-- Table structure for table `sessions`
--

CREATE TABLE `sessions` (
  `id` varchar(255) NOT NULL,
  `user_id` bigint(20) UNSIGNED DEFAULT NULL,
  `ip_address` varchar(45) DEFAULT NULL,
  `user_agent` text DEFAULT NULL,
  `payload` longtext NOT NULL,
  `last_activity` int(11) NOT NULL
) ENGINE=InnoDB DEFAULT CHARSET=utf8mb4 COLLATE=utf8mb4_unicode_ci;

--
-- Dumping data for table `sessions`
--

INSERT INTO `sessions` (`id`, `user_id`, `ip_address`, `user_agent`, `payload`, `last_activity`) VALUES
('GS5JVKB88lGVKC7QDFGjlMZbDu6nGIxllwPoaJJq', 10, '127.0.0.1', 'Mozilla/5.0 (Windows NT 10.0; Win64; x64; rv:128.0) Gecko/20100101 Firefox/128.0', 'YTo1OntzOjY6Il90b2tlbiI7czo0MDoiYWZZSlM1SEZwU3FUQU5nV1dRcEhpUWJFTTdQNElaMmhBUzVpNDdiSCI7czo2OiJfZmxhc2giO2E6Mjp7czozOiJvbGQiO2E6MDp7fXM6MzoibmV3IjthOjA6e319czozOiJ1cmwiO2E6MDp7fXM6OToiX3ByZXZpb3VzIjthOjE6e3M6MzoidXJsIjtzOjMxOiJodHRwOi8vbG9jYWxob3N0OjgwMDAvcGFzc3dvcmRzIjt9czo1MDoibG9naW5fd2ViXzU5YmEzNmFkZGMyYjJmOTQwMTU4MGYwMTRjN2Y1OGVhNGUzMDk4OWQiO2k6MTA7fQ==', 1734668287);

-- --------------------------------------------------------

--
-- Table structure for table `users`
--

CREATE TABLE `users` (
  `id` bigint(20) UNSIGNED NOT NULL,
  `username` varchar(255) NOT NULL,
  `email` varchar(255) NOT NULL,
  `email_verified_at` timestamp NULL DEFAULT NULL,
  `password` varchar(255) NOT NULL,
  `remember_token` varchar(100) DEFAULT NULL,
  `created_at` timestamp NULL DEFAULT NULL,
  `updated_at` timestamp NULL DEFAULT NULL
) ENGINE=InnoDB DEFAULT CHARSET=utf8mb4 COLLATE=utf8mb4_unicode_ci;

--
-- Dumping data for table `users`
--

INSERT INTO `users` (`id`, `username`, `email`, `email_verified_at`, `password`, `remember_token`, `created_at`, `updated_at`) VALUES
(1, 'dummmy', 'dummy@ponpon.com', '2024-12-14 07:58:53', '$2y$12$4sFL.9If2zOEz/JfqyWzuemxa8qbdzCZTlgyC6tFFNIdZtcyFWEFm', NULL, '2024-12-14 07:58:43', '2024-12-15 01:29:04'),
(3, 'rapozugo', 'bemorore@mailinator.com', NULL, '$2y$12$oDAVpl9DqzcR.wsgXq0zke5JppdXA7ambN/Dk.KouztIQx6qpXsTy', NULL, '2024-12-15 04:08:16', '2024-12-15 04:08:16'),
(4, 'tulecepiza', 'vejeve@mailinator.com', NULL, '$2y$12$oLKQ0IvwNaLEb01UKK6pmeTSPGLiKKw0nsvv0qNjAQhpCenMERpii', NULL, '2024-12-15 04:21:30', '2024-12-15 04:21:30'),
(5, 'gatohi', 'sogo@mailinator.com', '2024-12-15 04:25:50', '$2y$12$N7t1T1AEObtYfqVVY6wtFuSb6ZHDfZMIm4e/wor5rCSck4Gtx9yEC', NULL, '2024-12-15 04:25:34', '2024-12-15 04:25:50'),
(6, 'noqici', 'togiseke@mailinator.com', '2024-12-16 05:21:11', '$2y$12$ACXF/Ed3wDbQRsbPQ78l2u7rsnN7pnPcpmnlezU9giYTvg1NEjEjO', NULL, '2024-12-16 05:18:32', '2024-12-16 05:21:11'),
(7, 'hiqaloxike', 'gysypy@mailinator.com', NULL, '$2y$12$YFUUaDuZFEhDCrjxVILoKuqgOxLTnRIyFfy9q168AI8dEDSJPV49u', NULL, '2024-12-19 20:05:43', '2024-12-19 20:05:43'),
(8, 'kefajasyfa', 'hocixupari@mailinator.com', NULL, '$2y$12$cfL1BzXRkYJLwJx7hmyV/ue9jM5xDCBWSxBPSCxYQ91SfDyu9FCmy', NULL, '2024-12-19 20:08:13', '2024-12-19 20:08:13'),
(9, 'kadylevur', 'josydulin@mailinator.com', '2024-12-19 20:13:21', '$2y$12$KMAv1/ATWNSuZkmyK6mtA.lQsFJBzKFEMCyTS4.Le6n5tubJNOagW', NULL, '2024-12-19 20:12:43', '2024-12-19 20:13:21'),
(10, 'jevozonap', 'jujideteja@mailinator.com', '2024-12-19 20:16:29', '$2y$12$eUOAXlPXkZYJty.b3pBlQOFAHuZMrVBrMLwO1saXkdSiaDxIJncRa', 'TfMeK9yBJfo8ajWy7of3e0nrQUwEeXndYVwLMYZSNXGHw4cTCEXdrIuFCRyo', '2024-12-19 20:16:00', '2024-12-19 20:18:00');

--
-- Indexes for dumped tables
--

--
-- Indexes for table `cache`
--
ALTER TABLE `cache`
  ADD PRIMARY KEY (`key`);

--
-- Indexes for table `cache_locks`
--
ALTER TABLE `cache_locks`
  ADD PRIMARY KEY (`key`);

--
-- Indexes for table `failed_jobs`
--
ALTER TABLE `failed_jobs`
  ADD PRIMARY KEY (`id`),
  ADD UNIQUE KEY `failed_jobs_uuid_unique` (`uuid`);

--
-- Indexes for table `jobs`
--
ALTER TABLE `jobs`
  ADD PRIMARY KEY (`id`),
  ADD KEY `jobs_queue_index` (`queue`);

--
-- Indexes for table `job_batches`
--
ALTER TABLE `job_batches`
  ADD PRIMARY KEY (`id`);

--
-- Indexes for table `migrations`
--
ALTER TABLE `migrations`
  ADD PRIMARY KEY (`id`);

--
-- Indexes for table `passwords`
--
ALTER TABLE `passwords`
  ADD PRIMARY KEY (`id`),
  ADD KEY `passwords_user_id_foreign` (`user_id`);

--
-- Indexes for table `password_reset_tokens`
--
ALTER TABLE `password_reset_tokens`
  ADD PRIMARY KEY (`email`);

--
-- Indexes for table `sessions`
--
ALTER TABLE `sessions`
  ADD PRIMARY KEY (`id`),
  ADD KEY `sessions_user_id_index` (`user_id`),
  ADD KEY `sessions_last_activity_index` (`last_activity`);

--
-- Indexes for table `users`
--
ALTER TABLE `users`
  ADD PRIMARY KEY (`id`),
  ADD UNIQUE KEY `users_email_unique` (`email`);

--
-- AUTO_INCREMENT for dumped tables
--

--
-- AUTO_INCREMENT for table `failed_jobs`
--
ALTER TABLE `failed_jobs`
  MODIFY `id` bigint(20) UNSIGNED NOT NULL AUTO_INCREMENT;

--
-- AUTO_INCREMENT for table `jobs`
--
ALTER TABLE `jobs`
  MODIFY `id` bigint(20) UNSIGNED NOT NULL AUTO_INCREMENT;

--
-- AUTO_INCREMENT for table `migrations`
--
ALTER TABLE `migrations`
  MODIFY `id` int(10) UNSIGNED NOT NULL AUTO_INCREMENT, AUTO_INCREMENT=5;

--
-- AUTO_INCREMENT for table `passwords`
--
ALTER TABLE `passwords`
  MODIFY `id` bigint(20) UNSIGNED NOT NULL AUTO_INCREMENT, AUTO_INCREMENT=63;

--
-- AUTO_INCREMENT for table `users`
--
ALTER TABLE `users`
  MODIFY `id` bigint(20) UNSIGNED NOT NULL AUTO_INCREMENT, AUTO_INCREMENT=11;

--
-- Constraints for dumped tables
--

--
-- Constraints for table `passwords`
--
ALTER TABLE `passwords`
  ADD CONSTRAINT `passwords_user_id_foreign` FOREIGN KEY (`user_id`) REFERENCES `users` (`id`) ON DELETE CASCADE;
COMMIT;

/*!40101 SET CHARACTER_SET_CLIENT=@OLD_CHARACTER_SET_CLIENT */;
/*!40101 SET CHARACTER_SET_RESULTS=@OLD_CHARACTER_SET_RESULTS */;
/*!40101 SET COLLATION_CONNECTION=@OLD_COLLATION_CONNECTION */;
